{
	"credit": "Made with Blockbench",
	"textures": {
		"1": "item/bread",
		"particle": "item/bread"
	},
	"elements": [
		{
			"name": "baguette_0",
			"from": [14.375, 13.75, 7.9375],
			"to": [15.125, 15.75, 8.1875],
			"rotation": {"angle": 0, "axis": "y", "origin": [8, 8, 15.9375]},
			"faces": {
				"north": {"uv": [14.375, 2.25, 15.125, 0.25], "rotation": 180, "texture": "#1"},
				"east": {"uv": [15, 0.25, 15.125, 2.25], "texture": "#1"},
				"south": {"uv": [14.375, 0.25, 15.125, 2.25], "texture": "#1"},
				"west": {"uv": [14.375, 0.25, 14.5, 2.25], "texture": "#1"},
				"up": {"uv": [15.125, 0.25, 14.375, 0.375], "rotation": 180, "texture": "#1"},
				"down": {"uv": [14.375, 2.125, 15.125, 2.25], "texture": "#1"}
			}
		},
		{
			"name": "baguette_1",
			"from": [14, 13, 7.9375],
			"to": [14.375, 15.625, 8.1875],
			"rotation": {"angle": 0, "axis": "y", "origin": [8, 8, 15.9375]},
			"faces": {
				"north": {"uv": [14, 3, 14.375, 0.375], "rotation": 180, "texture": "#1"},
				"east": {"uv": [14.25, 0.375, 14.375, 3], "texture": "#1"},
				"south": {"uv": [14, 0.375, 14.375, 3], "texture": "#1"},
				"west": {"uv": [14, 0.375, 14.125, 3], "texture": "#1"},
				"up": {"uv": [14.375, 0.375, 14, 0.5], "rotation": 180, "texture": "#1"},
				"down": {"uv": [14, 2.875, 14.375, 3], "texture": "#1"}
			}
		},
		{
			"name": "baguette_2",
			"from": [15.125, 14, 7.9375],
			"to": [15.375, 15.625, 8.1875],
			"rotation": {"angle": 0, "axis": "y", "origin": [8, 8, 15.9375]},
			"faces": {
				"north": {"uv": [15.125, 2, 15.375, 0.375], "rotation": 180, "texture": "#1"},
				"east": {"uv": [15.25, 0.375, 15.375, 2], "texture": "#1"},
				"south": {"uv": [15.125, 0.375, 15.375, 2], "texture": "#1"},
				"west": {"uv": [15.125, 0.375, 15.25, 2], "texture": "#1"},
				"up": {"uv": [15.375, 0.375, 15.125, 0.5], "rotation": 180, "texture": "#1"},
				"down": {"uv": [15.125, 1.875, 15.375, 2], "texture": "#1"}
			}
		},
		{
			"name": "baguette_3",
			"from": [13.75, 12.625, 7.9375],
			"to": [14, 15.5, 8.1875],
			"rotation": {"angle": 0, "axis": "y", "origin": [8, 8, 15.9375]},
			"faces": {
				"north": {"uv": [13.75, 3.375, 14, 0.5], "rotation": 180, "texture": "#1"},
				"east": {"uv": [13.875, 0.5, 14, 3.375], "texture": "#1"},
				"south": {"uv": [13.75, 0.5, 14, 3.375], "texture": "#1"},
				"west": {"uv": [13.75, 0.5, 13.875, 3.375], "texture": "#1"},
				"up": {"uv": [14, 0.5, 13.75, 0.625], "rotation": 180, "texture": "#1"},
				"down": {"uv": [13.75, 3.25, 14, 3.375], "texture": "#1"}
			}
		},
		{
			"name": "baguette_4",
			"from": [15.375, 14.125, 7.9375],
			"to": [15.5, 15.5, 8.1875],
			"rotation": {"angle": 0, "axis": "y", "origin": [8, 8, 15.9375]},
			"faces": {
				"north": {"uv": [15.375, 1.875, 15.5, 0.5], "rotation": 180, "texture": "#1"},
				"east": {"uv": [15.375, 0.5, 15.5, 1.875], "texture": "#1"},
				"south": {"uv": [15.375, 0.5, 15.5, 1.875], "texture": "#1"},
				"west": {"uv": [15.375, 0.5, 15.5, 1.875], "texture": "#1"},
				"up": {"uv": [15.5, 0.5, 15.375, 0.625], "rotation": 180, "texture": "#1"},
				"down": {"uv": [15.375, 1.75, 15.5, 1.875], "texture": "#1"}
			}
		},
		{
			"name": "baguette_5",
			"from": [13.625, 12.375, 7.9375],
			"to": [13.75, 15.375, 8.1875],
			"rotation": {"angle": 0, "axis": "y", "origin": [8, 8, 15.9375]},
			"faces": {
				"north": {"uv": [13.625, 3.625, 13.75, 0.625], "rotation": 180, "texture": "#1"},
				"east": {"uv": [13.625, 0.625, 13.75, 3.625], "texture": "#1"},
				"south": {"uv": [13.625, 0.625, 13.75, 3.625], "texture": "#1"},
				"west": {"uv": [13.625, 0.625, 13.75, 3.625], "texture": "#1"},
				"up": {"uv": [13.75, 0.625, 13.625, 0.75], "rotation": 180, "texture": "#1"},
				"down": {"uv": [13.625, 3.5, 13.75, 3.625], "texture": "#1"}
			}
		},
		{
			"name": "baguette_6",
			"from": [15.5, 14.25, 7.9375],
			"to": [15.625, 15.375, 8.1875],
			"rotation": {"angle": 0, "axis": "y", "origin": [8, 8, 15.9375]},
			"faces": {
				"north": {"uv": [15.5, 1.75, 15.625, 0.625], "rotation": 180, "texture": "#1"},
				"east": {"uv": [15.5, 0.625, 15.625, 1.75], "texture": "#1"},
				"south": {"uv": [15.5, 0.625, 15.625, 1.75], "texture": "#1"},
				"west": {"uv": [15.5, 0.625, 15.625, 1.75], "texture": "#1"},
				"up": {"uv": [15.625, 0.625, 15.5, 0.75], "rotation": 180, "texture": "#1"},
				"down": {"uv": [15.5, 1.625, 15.625, 1.75], "texture": "#1"}
			}
		},
		{
			"name": "baguette_7",
			"from": [13.5, 12.25, 7.9375],
			"to": [13.625, 15.25, 8.1875],
			"rotation": {"angle": 0, "axis": "y", "origin": [8, 8, 15.9375]},
			"faces": {
				"north": {"uv": [13.5, 3.75, 13.625, 0.75], "rotation": 180, "texture": "#1"},
				"east": {"uv": [13.5, 0.75, 13.625, 3.75], "texture": "#1"},
				"south": {"uv": [13.5, 0.75, 13.625, 3.75], "texture": "#1"},
				"west": {"uv": [13.5, 0.75, 13.625, 3.75], "texture": "#1"},
				"up": {"uv": [13.625, 0.75, 13.5, 0.875], "rotation": 180, "texture": "#1"},
				"down": {"uv": [13.5, 3.625, 13.625, 3.75], "texture": "#1"}
			}
		},
		{
			"name": "baguette_8",
			"from": [13.375, 12.125, 7.9375],
			"to": [13.5, 15.125, 8.1875],
			"rotation": {"angle": 0, "axis": "y", "origin": [8, 8, 15.9375]},
			"faces": {
				"north": {"uv": [13.375, 3.875, 13.5, 0.875], "rotation": 180, "texture": "#1"},
				"east": {"uv": [13.375, 0.875, 13.5, 3.875], "texture": "#1"},
				"south": {"uv": [13.375, 0.875, 13.5, 3.875], "texture": "#1"},
				"west": {"uv": [13.375, 0.875, 13.5, 3.875], "texture": "#1"},
				"up": {"uv": [13.5, 0.875, 13.375, 1], "rotation": 180, "texture": "#1"},
				"down": {"uv": [13.375, 3.75, 13.5, 3.875], "texture": "#1"}
			}
		},
		{
			"name": "baguette_9",
			"from": [15.625, 14.5, 7.9375],
			"to": [15.75, 15.125, 8.1875],
			"rotation": {"angle": 0, "axis": "y", "origin": [8, 8, 15.9375]},
			"faces": {
				"north": {"uv": [15.625, 1.5, 15.75, 0.875], "rotation": 180, "texture": "#1"},
				"east": {"uv": [15.625, 0.875, 15.75, 1.5], "texture": "#1"},
				"south": {"uv": [15.625, 0.875, 15.75, 1.5], "texture": "#1"},
				"west": {"uv": [15.625, 0.875, 15.75, 1.5], "texture": "#1"},
				"up": {"uv": [15.75, 0.875, 15.625, 1], "rotation": 180, "texture": "#1"},
				"down": {"uv": [15.625, 1.375, 15.75, 1.5], "texture": "#1"}
			}
		},
		{
			"name": "baguette_10",
			"from": [13.25, 12, 7.9375],
			"to": [13.375, 15, 8.1875],
			"rotation": {"angle": 0, "axis": "y", "origin": [8, 8, 15.9375]},
			"faces": {
				"north": {"uv": [13.25, 4, 13.375, 1], "rotation": 180, "texture": "#1"},
				"east": {"uv": [13.25, 1, 13.375, 4], "texture": "#1"},
				"south": {"uv": [13.25, 1, 13.375, 4], "texture": "#1"},
				"west": {"uv": [13.25, 1, 13.375, 4], "texture": "#1"},
				"up": {"uv": [13.375, 1, 13.25, 1.125], "rotation": 180, "texture": "#1"},
				"down": {"uv": [13.25, 3.875, 13.375, 4], "texture": "#1"}
			}
		},
		{
			"name": "baguette_11",
			"from": [13.125, 11.875, 7.9375],
			"to": [13.25, 14.875, 8.1875],
			"rotation": {"angle": 0, "axis": "y", "origin": [8, 8, 15.9375]},
			"faces": {
				"north": {"uv": [13.125, 4.125, 13.25, 1.125], "rotation": 180, "texture": "#1"},
				"east": {"uv": [13.125, 1.125, 13.25, 4.125], "texture": "#1"},
				"south": {"uv": [13.125, 1.125, 13.25, 4.125], "texture": "#1"},
				"west": {"uv": [13.125, 1.125, 13.25, 4.125], "texture": "#1"},
				"up": {"uv": [13.25, 1.125, 13.125, 1.25], "rotation": 180, "texture": "#1"},
				"down": {"uv": [13.125, 4, 13.25, 4.125], "texture": "#1"}
			}
		},
		{
			"name": "baguette_12",
			"from": [13, 11.75, 7.9375],
			"to": [13.125, 14.75, 8.1875],
			"rotation": {"angle": 0, "axis": "y", "origin": [8, 8, 15.9375]},
			"faces": {
				"north": {"uv": [13, 4.25, 13.125, 1.25], "rotation": 180, "texture": "#1"},
				"east": {"uv": [13, 1.25, 13.125, 4.25], "texture": "#1"},
				"south": {"uv": [13, 1.25, 13.125, 4.25], "texture": "#1"},
				"west": {"uv": [13, 1.25, 13.125, 4.25], "texture": "#1"},
				"up": {"uv": [13.125, 1.25, 13, 1.375], "rotation": 180, "texture": "#1"},
				"down": {"uv": [13, 4.125, 13.125, 4.25], "texture": "#1"}
			}
		},
		{
			"name": "baguette_13",
			"from": [12.875, 11.625, 7.9375],
			"to": [13, 14.625, 8.1875],
			"rotation": {"angle": 0, "axis": "y", "origin": [8, 8, 15.9375]},
			"faces": {
				"north": {"uv": [12.875, 4.375, 13, 1.375], "rotation": 180, "texture": "#1"},
				"east": {"uv": [12.875, 1.375, 13, 4.375], "texture": "#1"},
				"south": {"uv": [12.875, 1.375, 13, 4.375], "texture": "#1"},
				"west": {"uv": [12.875, 1.375, 13, 4.375], "texture": "#1"},
				"up": {"uv": [13, 1.375, 12.875, 1.5], "rotation": 180, "texture": "#1"},
				"down": {"uv": [12.875, 4.25, 13, 4.375], "texture": "#1"}
			}
		},
		{
			"name": "baguette_14",
			"from": [12.75, 11.5, 7.9375],
			"to": [12.875, 14.5, 8.1875],
			"rotation": {"angle": 0, "axis": "y", "origin": [8, 8, 15.9375]},
			"faces": {
				"north": {"uv": [12.75, 4.5, 12.875, 1.5], "rotation": 180, "texture": "#1"},
				"east": {"uv": [12.75, 1.5, 12.875, 4.5], "texture": "#1"},
				"south": {"uv": [12.75, 1.5, 12.875, 4.5], "texture": "#1"},
				"west": {"uv": [12.75, 1.5, 12.875, 4.5], "texture": "#1"},
				"up": {"uv": [12.875, 1.5, 12.75, 1.625], "rotation": 180, "texture": "#1"},
				"down": {"uv": [12.75, 4.375, 12.875, 4.5], "texture": "#1"}
			}
		},
		{
			"name": "baguette_15",
			"from": [12.625, 11.375, 7.9375],
			"to": [12.75, 14.375, 8.1875],
			"rotation": {"angle": 0, "axis": "y", "origin": [8, 8, 15.9375]},
			"faces": {
				"north": {"uv": [12.625, 4.625, 12.75, 1.625], "rotation": 180, "texture": "#1"},
				"east": {"uv": [12.625, 1.625, 12.75, 4.625], "texture": "#1"},
				"south": {"uv": [12.625, 1.625, 12.75, 4.625], "texture": "#1"},
				"west": {"uv": [12.625, 1.625, 12.75, 4.625], "texture": "#1"},
				"up": {"uv": [12.75, 1.625, 12.625, 1.75], "rotation": 180, "texture": "#1"},
				"down": {"uv": [12.625, 4.5, 12.75, 4.625], "texture": "#1"}
			}
		},
		{
			"name": "baguette_16",
			"from": [12.5, 11.25, 7.9375],
			"to": [12.625, 14.25, 8.1875],
			"rotation": {"angle": 0, "axis": "y", "origin": [8, 8, 15.9375]},
			"faces": {
				"north": {"uv": [12.5, 4.75, 12.625, 1.75], "rotation": 180, "texture": "#1"},
				"east": {"uv": [12.5, 1.75, 12.625, 4.75], "texture": "#1"},
				"south": {"uv": [12.5, 1.75, 12.625, 4.75], "texture": "#1"},
				"west": {"uv": [12.5, 1.75, 12.625, 4.75], "texture": "#1"},
				"up": {"uv": [12.625, 1.75, 12.5, 1.875], "rotation": 180, "texture": "#1"},
				"down": {"uv": [12.5, 4.625, 12.625, 4.75], "texture": "#1"}
			}
		},
		{
			"name": "baguette_17",
			"from": [12.375, 11.125, 7.9375],
			"to": [12.5, 14.125, 8.1875],
			"rotation": {"angle": 0, "axis": "y", "origin": [8, 8, 15.9375]},
			"faces": {
				"north": {"uv": [12.375, 4.875, 12.5, 1.875], "rotation": 180, "texture": "#1"},
				"east": {"uv": [12.375, 1.875, 12.5, 4.875], "texture": "#1"},
				"south": {"uv": [12.375, 1.875, 12.5, 4.875], "texture": "#1"},
				"west": {"uv": [12.375, 1.875, 12.5, 4.875], "texture": "#1"},
				"up": {"uv": [12.5, 1.875, 12.375, 2], "rotation": 180, "texture": "#1"},
				"down": {"uv": [12.375, 4.75, 12.5, 4.875], "texture": "#1"}
			}
		},
		{
			"name": "baguette_18",
			"from": [12.25, 11, 7.9375],
			"to": [12.375, 14, 8.1875],
			"rotation": {"angle": 0, "axis": "y", "origin": [8, 8, 15.9375]},
			"faces": {
				"north": {"uv": [12.25, 5, 12.375, 2], "rotation": 180, "texture": "#1"},
				"east": {"uv": [12.25, 2, 12.375, 5], "texture": "#1"},
				"south": {"uv": [12.25, 2, 12.375, 5], "texture": "#1"},
				"west": {"uv": [12.25, 2, 12.375, 5], "texture": "#1"},
				"up": {"uv": [12.375, 2, 12.25, 2.125], "rotation": 180, "texture": "#1"},
				"down": {"uv": [12.25, 4.875, 12.375, 5], "texture": "#1"}
			}
		},
		{
			"name": "baguette_19",
			"from": [15.125, 13.875, 7.9375],
			"to": [15.25, 14, 8.1875],
			"rotation": {"angle": 0, "axis": "y", "origin": [8, 8, 15.9375]},
			"faces": {
				"north": {"uv": [15.125, 2.125, 15.25, 2], "rotation": 180, "texture": "#1"},
				"east": {"uv": [15.125, 2, 15.25, 2.125], "texture": "#1"},
				"south": {"uv": [15.125, 2, 15.25, 2.125], "texture": "#1"},
				"west": {"uv": [15.125, 2, 15.25, 2.125], "texture": "#1"},
				"up": {"uv": [15.25, 2, 15.125, 2.125], "rotation": 180, "texture": "#1"},
				"down": {"uv": [15.125, 2, 15.25, 2.125], "texture": "#1"}
			}
		},
		{
			"name": "baguette_20",
			"from": [12.125, 10.875, 7.9375],
			"to": [12.25, 13.875, 8.1875],
			"rotation": {"angle": 0, "axis": "y", "origin": [8, 8, 15.9375]},
			"faces": {
				"north": {"uv": [12.125, 5.125, 12.25, 2.125], "rotation": 180, "texture": "#1"},
				"east": {"uv": [12.125, 2.125, 12.25, 5.125], "texture": "#1"},
				"south": {"uv": [12.125, 2.125, 12.25, 5.125], "texture": "#1"},
				"west": {"uv": [12.125, 2.125, 12.25, 5.125], "texture": "#1"},
				"up": {"uv": [12.25, 2.125, 12.125, 2.25], "rotation": 180, "texture": "#1"},
				"down": {"uv": [12.125, 5, 12.25, 5.125], "texture": "#1"}
			}
		},
		{
			"name": "baguette_21",
			"from": [12, 10.75, 7.9375],
			"to": [12.125, 13.75, 8.1875],
			"rotation": {"angle": 0, "axis": "y", "origin": [8, 8, 15.9375]},
			"faces": {
				"north": {"uv": [12, 5.25, 12.125, 2.25], "rotation": 180, "texture": "#1"},
				"east": {"uv": [12, 2.25, 12.125, 5.25], "texture": "#1"},
				"south": {"uv": [12, 2.25, 12.125, 5.25], "texture": "#1"},
				"west": {"uv": [12, 2.25, 12.125, 5.25], "texture": "#1"},
				"up": {"uv": [12.125, 2.25, 12, 2.375], "rotation": 180, "texture": "#1"},
				"down": {"uv": [12, 5.125, 12.125, 5.25], "texture": "#1"}
			}
		},
		{
			"name": "baguette_22",
			"from": [14.375, 13.375, 7.9375],
			"to": [14.75, 13.75, 8.1875],
			"rotation": {"angle": 0, "axis": "y", "origin": [8, 8, 15.9375]},
			"faces": {
				"north": {"uv": [14.375, 2.625, 14.75, 2.25], "rotation": 180, "texture": "#1"},
				"east": {"uv": [14.625, 2.25, 14.75, 2.625], "texture": "#1"},
				"south": {"uv": [14.375, 2.25, 14.75, 2.625], "texture": "#1"},
				"west": {"uv": [14.375, 2.25, 14.5, 2.625], "texture": "#1"},
				"up": {"uv": [14.75, 2.25, 14.375, 2.375], "rotation": 180, "texture": "#1"},
				"down": {"uv": [14.375, 2.5, 14.75, 2.625], "texture": "#1"}
			}
		},
		{
			"name": "baguette_23",
			"from": [14.75, 13.625, 7.9375],
			"to": [15, 13.75, 8.1875],
			"rotation": {"angle": 0, "axis": "y", "origin": [8, 8, 15.9375]},
			"faces": {
				"north": {"uv": [14.75, 2.375, 15, 2.25], "rotation": 180, "texture": "#1"},
				"east": {"uv": [14.875, 2.25, 15, 2.375], "texture": "#1"},
				"south": {"uv": [14.75, 2.25, 15, 2.375], "texture": "#1"},
				"west": {"uv": [14.75, 2.25, 14.875, 2.375], "texture": "#1"},
				"up": {"uv": [15, 2.25, 14.75, 2.375], "rotation": 180, "texture": "#1"},
				"down": {"uv": [14.75, 2.25, 15, 2.375], "texture": "#1"}
			}
		},
		{
			"name": "baguette_24",
			"from": [11.875, 10.625, 7.9375],
			"to": [12, 13.625, 8.1875],
			"rotation": {"angle": 0, "axis": "y", "origin": [8, 8, 15.9375]},
			"faces": {
				"north": {"uv": [11.875, 5.375, 12, 2.375], "rotation": 180, "texture": "#1"},
				"east": {"uv": [11.875, 2.375, 12, 5.375], "texture": "#1"},
				"south": {"uv": [11.875, 2.375, 12, 5.375], "texture": "#1"},
				"west": {"uv": [11.875, 2.375, 12, 5.375], "texture": "#1"},
				"up": {"uv": [12, 2.375, 11.875, 2.5], "rotation": 180, "texture": "#1"},
				"down": {"uv": [11.875, 5.25, 12, 5.375], "texture": "#1"}
			}
		},
		{
			"name": "baguette_25",
			"from": [14.75, 13.5, 7.9375],
			"to": [14.875, 13.625, 8.1875],
			"rotation": {"angle": 0, "axis": "y", "origin": [8, 8, 15.9375]},
			"faces": {
				"north": {"uv": [14.75, 2.5, 14.875, 2.375], "rotation": 180, "texture": "#1"},
				"east": {"uv": [14.75, 2.375, 14.875, 2.5], "texture": "#1"},
				"south": {"uv": [14.75, 2.375, 14.875, 2.5], "texture": "#1"},
				"west": {"uv": [14.75, 2.375, 14.875, 2.5], "texture": "#1"},
				"up": {"uv": [14.875, 2.375, 14.75, 2.5], "rotation": 180, "texture": "#1"},
				"down": {"uv": [14.75, 2.375, 14.875, 2.5], "texture": "#1"}
			}
		},
		{
			"name": "baguette_26",
			"from": [11.75, 10.5, 7.9375],
			"to": [11.875, 13.5, 8.1875],
			"rotation": {"angle": 0, "axis": "y", "origin": [8, 8, 15.9375]},
			"faces": {
				"north": {"uv": [11.75, 5.5, 11.875, 2.5], "rotation": 180, "texture": "#1"},
				"east": {"uv": [11.75, 2.5, 11.875, 5.5], "texture": "#1"},
				"south": {"uv": [11.75, 2.5, 11.875, 5.5], "texture": "#1"},
				"west": {"uv": [11.75, 2.5, 11.875, 5.5], "texture": "#1"},
				"up": {"uv": [11.875, 2.5, 11.75, 2.625], "rotation": 180, "texture": "#1"},
				"down": {"uv": [11.75, 5.375, 11.875, 5.5], "texture": "#1"}
			}
		},
		{
			"name": "baguette_27",
			"from": [11.625, 10.375, 7.9375],
			"to": [11.75, 13.375, 8.1875],
			"rotation": {"angle": 0, "axis": "y", "origin": [8, 8, 15.9375]},
			"faces": {
				"north": {"uv": [11.625, 5.625, 11.75, 2.625], "rotation": 180, "texture": "#1"},
				"east": {"uv": [11.625, 2.625, 11.75, 5.625], "texture": "#1"},
				"south": {"uv": [11.625, 2.625, 11.75, 5.625], "texture": "#1"},
				"west": {"uv": [11.625, 2.625, 11.75, 5.625], "texture": "#1"},
				"up": {"uv": [11.75, 2.625, 11.625, 2.75], "rotation": 180, "texture": "#1"},
				"down": {"uv": [11.625, 5.5, 11.75, 5.625], "texture": "#1"}
			}
		},
		{
			"name": "baguette_28",
			"from": [14.375, 13.25, 7.9375],
			"to": [14.625, 13.375, 8.1875],
			"rotation": {"angle": 0, "axis": "y", "origin": [8, 8, 15.9375]},
			"faces": {
				"north": {"uv": [14.375, 2.75, 14.625, 2.625], "rotation": 180, "texture": "#1"},
				"east": {"uv": [14.5, 2.625, 14.625, 2.75], "texture": "#1"},
				"south": {"uv": [14.375, 2.625, 14.625, 2.75], "texture": "#1"},
				"west": {"uv": [14.375, 2.625, 14.5, 2.75], "texture": "#1"},
				"up": {"uv": [14.625, 2.625, 14.375, 2.75], "rotation": 180, "texture": "#1"},
				"down": {"uv": [14.375, 2.625, 14.625, 2.75], "texture": "#1"}
			}
		},
		{
			"name": "baguette_29",
			"from": [11.5, 10.25, 7.9375],
			"to": [11.625, 13.25, 8.1875],
			"rotation": {"angle": 0, "axis": "y", "origin": [8, 8, 15.9375]},
			"faces": {
				"north": {"uv": [11.5, 5.75, 11.625, 2.75], "rotation": 180, "texture": "#1"},
				"east": {"uv": [11.5, 2.75, 11.625, 5.75], "texture": "#1"},
				"south": {"uv": [11.5, 2.75, 11.625, 5.75], "texture": "#1"},
				"west": {"uv": [11.5, 2.75, 11.625, 5.75], "texture": "#1"},
				"up": {"uv": [11.625, 2.75, 11.5, 2.875], "rotation": 180, "texture": "#1"},
				"down": {"uv": [11.5, 5.625, 11.625, 5.75], "texture": "#1"}
			}
		},
		{
			"name": "baguette_30",
			"from": [14.375, 13.125, 7.9375],
			"to": [14.5, 13.25, 8.1875],
			"rotation": {"angle": 0, "axis": "y", "origin": [8, 8, 15.9375]},
			"faces": {
				"north": {"uv": [14.375, 2.875, 14.5, 2.75], "rotation": 180, "texture": "#1"},
				"east": {"uv": [14.375, 2.75, 14.5, 2.875], "texture": "#1"},
				"south": {"uv": [14.375, 2.75, 14.5, 2.875], "texture": "#1"},
				"west": {"uv": [14.375, 2.75, 14.5, 2.875], "texture": "#1"},
				"up": {"uv": [14.5, 2.75, 14.375, 2.875], "rotation": 180, "texture": "#1"},
				"down": {"uv": [14.375, 2.75, 14.5, 2.875], "texture": "#1"}
			}
		},
		{
			"name": "baguette_31",
			"from": [11.375, 10.125, 7.9375],
			"to": [11.5, 13.125, 8.1875],
			"rotation": {"angle": 0, "axis": "y", "origin": [8, 8, 15.9375]},
			"faces": {
				"north": {"uv": [11.375, 5.875, 11.5, 2.875], "rotation": 180, "texture": "#1"},
				"east": {"uv": [11.375, 2.875, 11.5, 5.875], "texture": "#1"},
				"south": {"uv": [11.375, 2.875, 11.5, 5.875], "texture": "#1"},
				"west": {"uv": [11.375, 2.875, 11.5, 5.875], "texture": "#1"},
				"up": {"uv": [11.5, 2.875, 11.375, 3], "rotation": 180, "texture": "#1"},
				"down": {"uv": [11.375, 5.75, 11.5, 5.875], "texture": "#1"}
			}
		},
		{
			"name": "baguette_32",
			"from": [11.25, 10, 7.9375],
			"to": [11.375, 13, 8.1875],
			"rotation": {"angle": 0, "axis": "y", "origin": [8, 8, 15.9375]},
			"faces": {
				"north": {"uv": [11.25, 6, 11.375, 3], "rotation": 180, "texture": "#1"},
				"east": {"uv": [11.25, 3, 11.375, 6], "texture": "#1"},
				"south": {"uv": [11.25, 3, 11.375, 6], "texture": "#1"},
				"west": {"uv": [11.25, 3, 11.375, 6], "texture": "#1"},
				"up": {"uv": [11.375, 3, 11.25, 3.125], "rotation": 180, "texture": "#1"},
				"down": {"uv": [11.25, 5.875, 11.375, 6], "texture": "#1"}
			}
		},
		{
			"name": "baguette_33",
			"from": [14, 12.875, 7.9375],
			"to": [14.25, 13, 8.1875],
			"rotation": {"angle": 0, "axis": "y", "origin": [8, 8, 15.9375]},
			"faces": {
				"north": {"uv": [14, 3.125, 14.25, 3], "rotation": 180, "texture": "#1"},
				"east": {"uv": [14.125, 3, 14.25, 3.125], "texture": "#1"},
				"south": {"uv": [14, 3, 14.25, 3.125], "texture": "#1"},
				"west": {"uv": [14, 3, 14.125, 3.125], "texture": "#1"},
				"up": {"uv": [14.25, 3, 14, 3.125], "rotation": 180, "texture": "#1"},
				"down": {"uv": [14, 3, 14.25, 3.125], "texture": "#1"}
			}
		},
		{
			"name": "baguette_34",
			"from": [11.125, 9.875, 7.9375],
			"to": [11.25, 12.875, 8.1875],
			"rotation": {"angle": 0, "axis": "y", "origin": [8, 8, 15.9375]},
			"faces": {
				"north": {"uv": [11.125, 6.125, 11.25, 3.125], "rotation": 180, "texture": "#1"},
				"east": {"uv": [11.125, 3.125, 11.25, 6.125], "texture": "#1"},
				"south": {"uv": [11.125, 3.125, 11.25, 6.125], "texture": "#1"},
				"west": {"uv": [11.125, 3.125, 11.25, 6.125], "texture": "#1"},
				"up": {"uv": [11.25, 3.125, 11.125, 3.25], "rotation": 180, "texture": "#1"},
				"down": {"uv": [11.125, 6, 11.25, 6.125], "texture": "#1"}
			}
		},
		{
			"name": "baguette_35",
			"from": [14, 12.75, 7.9375],
			"to": [14.125, 12.875, 8.1875],
			"rotation": {"angle": 0, "axis": "y", "origin": [8, 8, 15.9375]},
			"faces": {
				"north": {"uv": [14, 3.25, 14.125, 3.125], "rotation": 180, "texture": "#1"},
				"east": {"uv": [14, 3.125, 14.125, 3.25], "texture": "#1"},
				"south": {"uv": [14, 3.125, 14.125, 3.25], "texture": "#1"},
				"west": {"uv": [14, 3.125, 14.125, 3.25], "texture": "#1"},
				"up": {"uv": [14.125, 3.125, 14, 3.25], "rotation": 180, "texture": "#1"},
				"down": {"uv": [14, 3.125, 14.125, 3.25], "texture": "#1"}
			}
		},
		{
			"name": "baguette_36",
			"from": [11, 9.75, 7.9375],
			"to": [11.125, 12.75, 8.1875],
			"rotation": {"angle": 0, "axis": "y", "origin": [8, 8, 15.9375]},
			"faces": {
				"north": {"uv": [11, 6.25, 11.125, 3.25], "rotation": 180, "texture": "#1"},
				"east": {"uv": [11, 3.25, 11.125, 6.25], "texture": "#1"},
				"south": {"uv": [11, 3.25, 11.125, 6.25], "texture": "#1"},
				"west": {"uv": [11, 3.25, 11.125, 6.25], "texture": "#1"},
				"up": {"uv": [11.125, 3.25, 11, 3.375], "rotation": 180, "texture": "#1"},
				"down": {"uv": [11, 6.125, 11.125, 6.25], "texture": "#1"}
			}
		},
		{
			"name": "baguette_37",
			"from": [10.875, 9.625, 7.9375],
			"to": [11, 12.625, 8.1875],
			"rotation": {"angle": 0, "axis": "y", "origin": [8, 8, 15.9375]},
			"faces": {
				"north": {"uv": [10.875, 6.375, 11, 3.375], "rotation": 180, "texture": "#1"},
				"east": {"uv": [10.875, 3.375, 11, 6.375], "texture": "#1"},
				"south": {"uv": [10.875, 3.375, 11, 6.375], "texture": "#1"},
				"west": {"uv": [10.875, 3.375, 11, 6.375], "texture": "#1"},
				"up": {"uv": [11, 3.375, 10.875, 3.5], "rotation": 180, "texture": "#1"},
				"down": {"uv": [10.875, 6.25, 11, 6.375], "texture": "#1"}
			}
		},
		{
			"name": "baguette_38",
			"from": [13.75, 12.5, 7.9375],
			"to": [13.875, 12.625, 8.1875],
			"rotation": {"angle": 0, "axis": "y", "origin": [8, 8, 15.9375]},
			"faces": {
				"north": {"uv": [13.75, 3.5, 13.875, 3.375], "rotation": 180, "texture": "#1"},
				"east": {"uv": [13.75, 3.375, 13.875, 3.5], "texture": "#1"},
				"south": {"uv": [13.75, 3.375, 13.875, 3.5], "texture": "#1"},
				"west": {"uv": [13.75, 3.375, 13.875, 3.5], "texture": "#1"},
				"up": {"uv": [13.875, 3.375, 13.75, 3.5], "rotation": 180, "texture": "#1"},
				"down": {"uv": [13.75, 3.375, 13.875, 3.5], "texture": "#1"}
			}
		},
		{
			"name": "baguette_39",
			"from": [10.75, 9.5, 7.9375],
			"to": [10.875, 12.5, 8.1875],
			"rotation": {"angle": 0, "axis": "y", "origin": [8, 8, 15.9375]},
			"faces": {
				"north": {"uv": [10.75, 6.5, 10.875, 3.5], "rotation": 180, "texture": "#1"},
				"east": {"uv": [10.75, 3.5, 10.875, 6.5], "texture": "#1"},
				"south": {"uv": [10.75, 3.5, 10.875, 6.5], "texture": "#1"},
				"west": {"uv": [10.75, 3.5, 10.875, 6.5], "texture": "#1"},
				"up": {"uv": [10.875, 3.5, 10.75, 3.625], "rotation": 180, "texture": "#1"},
				"down": {"uv": [10.75, 6.375, 10.875, 6.5], "texture": "#1"}
			}
		},
		{
			"name": "baguette_40",
			"from": [10.625, 9.375, 7.9375],
			"to": [10.75, 12.375, 8.1875],
			"rotation": {"angle": 0, "axis": "y", "origin": [8, 8, 15.9375]},
			"faces": {
				"north": {"uv": [10.625, 6.625, 10.75, 3.625], "rotation": 180, "texture": "#1"},
				"east": {"uv": [10.625, 3.625, 10.75, 6.625], "texture": "#1"},
				"south": {"uv": [10.625, 3.625, 10.75, 6.625], "texture": "#1"},
				"west": {"uv": [10.625, 3.625, 10.75, 6.625], "texture": "#1"},
				"up": {"uv": [10.75, 3.625, 10.625, 3.75], "rotation": 180, "texture": "#1"},
				"down": {"uv": [10.625, 6.5, 10.75, 6.625], "texture": "#1"}
			}
		},
		{
			"name": "baguette_41",
			"from": [10.5, 9.25, 7.9375],
			"to": [10.625, 12.25, 8.1875],
			"rotation": {"angle": 0, "axis": "y", "origin": [8, 8, 15.9375]},
			"faces": {
				"north": {"uv": [10.5, 6.75, 10.625, 3.75], "rotation": 180, "texture": "#1"},
				"east": {"uv": [10.5, 3.75, 10.625, 6.75], "texture": "#1"},
				"south": {"uv": [10.5, 3.75, 10.625, 6.75], "texture": "#1"},
				"west": {"uv": [10.5, 3.75, 10.625, 6.75], "texture": "#1"},
				"up": {"uv": [10.625, 3.75, 10.5, 3.875], "rotation": 180, "texture": "#1"},
				"down": {"uv": [10.5, 6.625, 10.625, 6.75], "texture": "#1"}
			}
		},
		{
			"name": "baguette_42",
			"from": [10.375, 9.125, 7.9375],
			"to": [10.5, 12.125, 8.1875],
			"rotation": {"angle": 0, "axis": "y", "origin": [8, 8, 15.9375]},
			"faces": {
				"north": {"uv": [10.375, 6.875, 10.5, 3.875], "rotation": 180, "texture": "#1"},
				"east": {"uv": [10.375, 3.875, 10.5, 6.875], "texture": "#1"},
				"south": {"uv": [10.375, 3.875, 10.5, 6.875], "texture": "#1"},
				"west": {"uv": [10.375, 3.875, 10.5, 6.875], "texture": "#1"},
				"up": {"uv": [10.5, 3.875, 10.375, 4], "rotation": 180, "texture": "#1"},
				"down": {"uv": [10.375, 6.75, 10.5, 6.875], "texture": "#1"}
			}
		},
		{
			"name": "baguette_43",
			"from": [10.25, 9, 7.9375],
			"to": [10.375, 12, 8.1875],
			"rotation": {"angle": 0, "axis": "y", "origin": [8, 8, 15.9375]},
			"faces": {
				"north": {"uv": [10.25, 7, 10.375, 4], "rotation": 180, "texture": "#1"},
				"east": {"uv": [10.25, 4, 10.375, 7], "texture": "#1"},
				"south": {"uv": [10.25, 4, 10.375, 7], "texture": "#1"},
				"west": {"uv": [10.25, 4, 10.375, 7], "texture": "#1"},
				"up": {"uv": [10.375, 4, 10.25, 4.125], "rotation": 180, "texture": "#1"},
				"down": {"uv": [10.25, 6.875, 10.375, 7], "texture": "#1"}
			}
		},
		{
			"name": "baguette_44",
			"from": [10.125, 8.875, 7.9375],
			"to": [10.25, 11.875, 8.1875],
			"rotation": {"angle": 0, "axis": "y", "origin": [8, 8, 15.9375]},
			"faces": {
				"north": {"uv": [10.125, 7.125, 10.25, 4.125], "rotation": 180, "texture": "#1"},
				"east": {"uv": [10.125, 4.125, 10.25, 7.125], "texture": "#1"},
				"south": {"uv": [10.125, 4.125, 10.25, 7.125], "texture": "#1"},
				"west": {"uv": [10.125, 4.125, 10.25, 7.125], "texture": "#1"},
				"up": {"uv": [10.25, 4.125, 10.125, 4.25], "rotation": 180, "texture": "#1"},
				"down": {"uv": [10.125, 7, 10.25, 7.125], "texture": "#1"}
			}
		},
		{
			"name": "baguette_45",
			"from": [10, 8.75, 7.9375],
			"to": [10.125, 11.75, 8.1875],
			"rotation": {"angle": 0, "axis": "y", "origin": [8, 8, 15.9375]},
			"faces": {
				"north": {"uv": [10, 7.25, 10.125, 4.25], "rotation": 180, "texture": "#1"},
				"east": {"uv": [10, 4.25, 10.125, 7.25], "texture": "#1"},
				"south": {"uv": [10, 4.25, 10.125, 7.25], "texture": "#1"},
				"west": {"uv": [10, 4.25, 10.125, 7.25], "texture": "#1"},
				"up": {"uv": [10.125, 4.25, 10, 4.375], "rotation": 180, "texture": "#1"},
				"down": {"uv": [10, 7.125, 10.125, 7.25], "texture": "#1"}
			}
		},
		{
			"name": "baguette_46",
			"from": [9.875, 8.625, 7.9375],
			"to": [10, 11.625, 8.1875],
			"rotation": {"angle": 0, "axis": "y", "origin": [8, 8, 15.9375]},
			"faces": {
				"north": {"uv": [9.875, 7.375, 10, 4.375], "rotation": 180, "texture": "#1"},
				"east": {"uv": [9.875, 4.375, 10, 7.375], "texture": "#1"},
				"south": {"uv": [9.875, 4.375, 10, 7.375], "texture": "#1"},
				"west": {"uv": [9.875, 4.375, 10, 7.375], "texture": "#1"},
				"up": {"uv": [10, 4.375, 9.875, 4.5], "rotation": 180, "texture": "#1"},
				"down": {"uv": [9.875, 7.25, 10, 7.375], "texture": "#1"}
			}
		},
		{
			"name": "baguette_47",
			"from": [9.75, 8.5, 7.9375],
			"to": [9.875, 11.5, 8.1875],
			"rotation": {"angle": 0, "axis": "y", "origin": [8, 8, 15.9375]},
			"faces": {
				"north": {"uv": [9.75, 7.5, 9.875, 4.5], "rotation": 180, "texture": "#1"},
				"east": {"uv": [9.75, 4.5, 9.875, 7.5], "texture": "#1"},
				"south": {"uv": [9.75, 4.5, 9.875, 7.5], "texture": "#1"},
				"west": {"uv": [9.75, 4.5, 9.875, 7.5], "texture": "#1"},
				"up": {"uv": [9.875, 4.5, 9.75, 4.625], "rotation": 180, "texture": "#1"},
				"down": {"uv": [9.75, 7.375, 9.875, 7.5], "texture": "#1"}
			}
		},
		{
			"name": "baguette_48",
			"from": [9.625, 8.375, 7.9375],
			"to": [9.75, 11.375, 8.1875],
			"rotation": {"angle": 0, "axis": "y", "origin": [8, 8, 15.9375]},
			"faces": {
				"north": {"uv": [9.625, 7.625, 9.75, 4.625], "rotation": 180, "texture": "#1"},
				"east": {"uv": [9.625, 4.625, 9.75, 7.625], "texture": "#1"},
				"south": {"uv": [9.625, 4.625, 9.75, 7.625], "texture": "#1"},
				"west": {"uv": [9.625, 4.625, 9.75, 7.625], "texture": "#1"},
				"up": {"uv": [9.75, 4.625, 9.625, 4.75], "rotation": 180, "texture": "#1"},
				"down": {"uv": [9.625, 7.5, 9.75, 7.625], "texture": "#1"}
			}
		},
		{
			"name": "baguette_49",
			"from": [9.5, 8.25, 7.9375],
			"to": [9.625, 11.25, 8.1875],
			"rotation": {"angle": 0, "axis": "y", "origin": [8, 8, 15.9375]},
			"faces": {
				"north": {"uv": [9.5, 7.75, 9.625, 4.75], "rotation": 180, "texture": "#1"},
				"east": {"uv": [9.5, 4.75, 9.625, 7.75], "texture": "#1"},
				"south": {"uv": [9.5, 4.75, 9.625, 7.75], "texture": "#1"},
				"west": {"uv": [9.5, 4.75, 9.625, 7.75], "texture": "#1"},
				"up": {"uv": [9.625, 4.75, 9.5, 4.875], "rotation": 180, "texture": "#1"},
				"down": {"uv": [9.5, 7.625, 9.625, 7.75], "texture": "#1"}
			}
		},
		{
			"name": "baguette_50",
			"from": [9.375, 8.125, 7.9375],
			"to": [9.5, 11.125, 8.1875],
			"rotation": {"angle": 0, "axis": "y", "origin": [8, 8, 15.9375]},
			"faces": {
				"north": {"uv": [9.375, 7.875, 9.5, 4.875], "rotation": 180, "texture": "#1"},
				"east": {"uv": [9.375, 4.875, 9.5, 7.875], "texture": "#1"},
				"south": {"uv": [9.375, 4.875, 9.5, 7.875], "texture": "#1"},
				"west": {"uv": [9.375, 4.875, 9.5, 7.875], "texture": "#1"},
				"up": {"uv": [9.5, 4.875, 9.375, 5], "rotation": 180, "texture": "#1"},
				"down": {"uv": [9.375, 7.75, 9.5, 7.875], "texture": "#1"}
			}
		},
		{
			"name": "baguette_51",
			"from": [9.25, 8, 7.9375],
			"to": [9.375, 11, 8.1875],
			"rotation": {"angle": 0, "axis": "y", "origin": [8, 8, 15.9375]},
			"faces": {
				"north": {"uv": [9.25, 8, 9.375, 5], "rotation": 180, "texture": "#1"},
				"east": {"uv": [9.25, 5, 9.375, 8], "texture": "#1"},
				"south": {"uv": [9.25, 5, 9.375, 8], "texture": "#1"},
				"west": {"uv": [9.25, 5, 9.375, 8], "texture": "#1"},
				"up": {"uv": [9.375, 5, 9.25, 5.125], "rotation": 180, "texture": "#1"},
				"down": {"uv": [9.25, 7.875, 9.375, 8], "texture": "#1"}
			}
		},
		{
			"name": "baguette_52",
			"from": [9.125, 7.875, 7.9375],
			"to": [9.25, 10.875, 8.1875],
			"rotation": {"angle": 0, "axis": "y", "origin": [8, 8, 15.9375]},
			"faces": {
				"north": {"uv": [9.125, 8.125, 9.25, 5.125], "rotation": 180, "texture": "#1"},
				"east": {"uv": [9.125, 5.125, 9.25, 8.125], "texture": "#1"},
				"south": {"uv": [9.125, 5.125, 9.25, 8.125], "texture": "#1"},
				"west": {"uv": [9.125, 5.125, 9.25, 8.125], "texture": "#1"},
				"up": {"uv": [9.25, 5.125, 9.125, 5.25], "rotation": 180, "texture": "#1"},
				"down": {"uv": [9.125, 8, 9.25, 8.125], "texture": "#1"}
			}
		},
		{
			"name": "baguette_53",
			"from": [9, 7.75, 7.9375],
			"to": [9.125, 10.75, 8.1875],
			"rotation": {"angle": 0, "axis": "y", "origin": [8, 8, 15.9375]},
			"faces": {
				"north": {"uv": [9, 8.25, 9.125, 5.25], "rotation": 180, "texture": "#1"},
				"east": {"uv": [9, 5.25, 9.125, 8.25], "texture": "#1"},
				"south": {"uv": [9, 5.25, 9.125, 8.25], "texture": "#1"},
				"west": {"uv": [9, 5.25, 9.125, 8.25], "texture": "#1"},
				"up": {"uv": [9.125, 5.25, 9, 5.375], "rotation": 180, "texture": "#1"},
				"down": {"uv": [9, 8.125, 9.125, 8.25], "texture": "#1"}
			}
		},
		{
			"name": "baguette_54",
			"from": [8.875, 7.625, 7.9375],
			"to": [9, 10.625, 8.1875],
			"rotation": {"angle": 0, "axis": "y", "origin": [8, 8, 15.9375]},
			"faces": {
				"north": {"uv": [8.875, 8.375, 9, 5.375], "rotation": 180, "texture": "#1"},
				"east": {"uv": [8.875, 5.375, 9, 8.375], "texture": "#1"},
				"south": {"uv": [8.875, 5.375, 9, 8.375], "texture": "#1"},
				"west": {"uv": [8.875, 5.375, 9, 8.375], "texture": "#1"},
				"up": {"uv": [9, 5.375, 8.875, 5.5], "rotation": 180, "texture": "#1"},
				"down": {"uv": [8.875, 8.25, 9, 8.375], "texture": "#1"}
			}
		},
		{
			"name": "baguette_55",
			"from": [8.75, 7.5, 7.9375],
			"to": [8.875, 10.5, 8.1875],
			"rotation": {"angle": 0, "axis": "y", "origin": [8, 8, 15.9375]},
			"faces": {
				"north": {"uv": [8.75, 8.5, 8.875, 5.5], "rotation": 180, "texture": "#1"},
				"east": {"uv": [8.75, 5.5, 8.875, 8.5], "texture": "#1"},
				"south": {"uv": [8.75, 5.5, 8.875, 8.5], "texture": "#1"},
				"west": {"uv": [8.75, 5.5, 8.875, 8.5], "texture": "#1"},
				"up": {"uv": [8.875, 5.5, 8.75, 5.625], "rotation": 180, "texture": "#1"},
				"down": {"uv": [8.75, 8.375, 8.875, 8.5], "texture": "#1"}
			}
		},
		{
			"name": "baguette_56",
			"from": [8.625, 7.375, 7.9375],
			"to": [8.75, 10.375, 8.1875],
			"rotation": {"angle": 0, "axis": "y", "origin": [8, 8, 15.9375]},
			"faces": {
				"north": {"uv": [8.625, 8.625, 8.75, 5.625], "rotation": 180, "texture": "#1"},
				"east": {"uv": [8.625, 5.625, 8.75, 8.625], "texture": "#1"},
				"south": {"uv": [8.625, 5.625, 8.75, 8.625], "texture": "#1"},
				"west": {"uv": [8.625, 5.625, 8.75, 8.625], "texture": "#1"},
				"up": {"uv": [8.75, 5.625, 8.625, 5.75], "rotation": 180, "texture": "#1"},
				"down": {"uv": [8.625, 8.5, 8.75, 8.625], "texture": "#1"}
			}
		},
		{
			"name": "baguette_57",
			"from": [8.5, 7.25, 7.9375],
			"to": [8.625, 10.25, 8.1875],
			"rotation": {"angle": 0, "axis": "y", "origin": [8, 8, 15.9375]},
			"faces": {
				"north": {"uv": [8.5, 8.75, 8.625, 5.75], "rotation": 180, "texture": "#1"},
				"east": {"uv": [8.5, 5.75, 8.625, 8.75], "texture": "#1"},
				"south": {"uv": [8.5, 5.75, 8.625, 8.75], "texture": "#1"},
				"west": {"uv": [8.5, 5.75, 8.625, 8.75], "texture": "#1"},
				"up": {"uv": [8.625, 5.75, 8.5, 5.875], "rotation": 180, "texture": "#1"},
				"down": {"uv": [8.5, 8.625, 8.625, 8.75], "texture": "#1"}
			}
		},
		{
			"name": "baguette_58",
			"from": [8.375, 7.125, 7.9375],
			"to": [8.5, 10.125, 8.1875],
			"rotation": {"angle": 0, "axis": "y", "origin": [8, 8, 15.9375]},
			"faces": {
				"north": {"uv": [8.375, 8.875, 8.5, 5.875], "rotation": 180, "texture": "#1"},
				"east": {"uv": [8.375, 5.875, 8.5, 8.875], "texture": "#1"},
				"south": {"uv": [8.375, 5.875, 8.5, 8.875], "texture": "#1"},
				"west": {"uv": [8.375, 5.875, 8.5, 8.875], "texture": "#1"},
				"up": {"uv": [8.5, 5.875, 8.375, 6], "rotation": 180, "texture": "#1"},
				"down": {"uv": [8.375, 8.75, 8.5, 8.875], "texture": "#1"}
			}
		},
		{
			"name": "baguette_59",
			"from": [8.25, 7, 7.9375],
			"to": [8.375, 10, 8.1875],
			"rotation": {"angle": 0, "axis": "y", "origin": [8, 8, 15.9375]},
			"faces": {
				"north": {"uv": [8.25, 9, 8.375, 6], "rotation": 180, "texture": "#1"},
				"east": {"uv": [8.25, 6, 8.375, 9], "texture": "#1"},
				"south": {"uv": [8.25, 6, 8.375, 9], "texture": "#1"},
				"west": {"uv": [8.25, 6, 8.375, 9], "texture": "#1"},
				"up": {"uv": [8.375, 6, 8.25, 6.125], "rotation": 180, "texture": "#1"},
				"down": {"uv": [8.25, 8.875, 8.375, 9], "texture": "#1"}
			}
		},
		{
			"name": "baguette_60",
			"from": [8.125, 6.875, 7.9375],
			"to": [8.25, 9.875, 8.1875],
			"rotation": {"angle": 0, "axis": "y", "origin": [8, 8, 15.9375]},
			"faces": {
				"north": {"uv": [8.125, 9.125, 8.25, 6.125], "rotation": 180, "texture": "#1"},
				"east": {"uv": [8.125, 6.125, 8.25, 9.125], "texture": "#1"},
				"south": {"uv": [8.125, 6.125, 8.25, 9.125], "texture": "#1"},
				"west": {"uv": [8.125, 6.125, 8.25, 9.125], "texture": "#1"},
				"up": {"uv": [8.25, 6.125, 8.125, 6.25], "rotation": 180, "texture": "#1"},
				"down": {"uv": [8.125, 9, 8.25, 9.125], "texture": "#1"}
			}
		},
		{
			"name": "baguette_61",
			"from": [8, 6.75, 7.9375],
			"to": [8.125, 9.75, 8.1875],
			"rotation": {"angle": 0, "axis": "y", "origin": [8, 8, 15.9375]},
			"faces": {
				"north": {"uv": [8, 9.25, 8.125, 6.25], "rotation": 180, "texture": "#1"},
				"east": {"uv": [8, 6.25, 8.125, 9.25], "texture": "#1"},
				"south": {"uv": [8, 6.25, 8.125, 9.25], "texture": "#1"},
				"west": {"uv": [8, 6.25, 8.125, 9.25], "texture": "#1"},
				"up": {"uv": [8.125, 6.25, 8, 6.375], "rotation": 180, "texture": "#1"},
				"down": {"uv": [8, 9.125, 8.125, 9.25], "texture": "#1"}
			}
		},
		{
			"name": "baguette_62",
			"from": [7.875, 6.625, 7.9375],
			"to": [8, 9.625, 8.1875],
			"rotation": {"angle": 0, "axis": "y", "origin": [8, 8, 15.9375]},
			"faces": {
				"north": {"uv": [7.875, 9.375, 8, 6.375], "rotation": 180, "texture": "#1"},
				"east": {"uv": [7.875, 6.375, 8, 9.375], "texture": "#1"},
				"south": {"uv": [7.875, 6.375, 8, 9.375], "texture": "#1"},
				"west": {"uv": [7.875, 6.375, 8, 9.375], "texture": "#1"},
				"up": {"uv": [8, 6.375, 7.875, 6.5], "rotation": 180, "texture": "#1"},
				"down": {"uv": [7.875, 9.25, 8, 9.375], "texture": "#1"}
			}
		},
		{
			"name": "baguette_63",
			"from": [7.75, 6.5, 7.9375],
			"to": [7.875, 9.5, 8.1875],
			"rotation": {"angle": 0, "axis": "y", "origin": [8, 8, 15.9375]},
			"faces": {
				"north": {"uv": [7.75, 9.5, 7.875, 6.5], "rotation": 180, "texture": "#1"},
				"east": {"uv": [7.75, 6.5, 7.875, 9.5], "texture": "#1"},
				"south": {"uv": [7.75, 6.5, 7.875, 9.5], "texture": "#1"},
				"west": {"uv": [7.75, 6.5, 7.875, 9.5], "texture": "#1"},
				"up": {"uv": [7.875, 6.5, 7.75, 6.625], "rotation": 180, "texture": "#1"},
				"down": {"uv": [7.75, 9.375, 7.875, 9.5], "texture": "#1"}
			}
		},
		{
			"name": "baguette_64",
			"from": [7.625, 6.375, 7.9375],
			"to": [7.75, 9.375, 8.1875],
			"rotation": {"angle": 0, "axis": "y", "origin": [8, 8, 15.9375]},
			"faces": {
				"north": {"uv": [7.625, 9.625, 7.75, 6.625], "rotation": 180, "texture": "#1"},
				"east": {"uv": [7.625, 6.625, 7.75, 9.625], "texture": "#1"},
				"south": {"uv": [7.625, 6.625, 7.75, 9.625], "texture": "#1"},
				"west": {"uv": [7.625, 6.625, 7.75, 9.625], "texture": "#1"},
				"up": {"uv": [7.75, 6.625, 7.625, 6.75], "rotation": 180, "texture": "#1"},
				"down": {"uv": [7.625, 9.5, 7.75, 9.625], "texture": "#1"}
			}
		},
		{
			"name": "baguette_65",
			"from": [7.5, 6.25, 7.9375],
			"to": [7.625, 9.25, 8.1875],
			"rotation": {"angle": 0, "axis": "y", "origin": [8, 8, 15.9375]},
			"faces": {
				"north": {"uv": [7.5, 9.75, 7.625, 6.75], "rotation": 180, "texture": "#1"},
				"east": {"uv": [7.5, 6.75, 7.625, 9.75], "texture": "#1"},
				"south": {"uv": [7.5, 6.75, 7.625, 9.75], "texture": "#1"},
				"west": {"uv": [7.5, 6.75, 7.625, 9.75], "texture": "#1"},
				"up": {"uv": [7.625, 6.75, 7.5, 6.875], "rotation": 180, "texture": "#1"},
				"down": {"uv": [7.5, 9.625, 7.625, 9.75], "texture": "#1"}
			}
		},
		{
			"name": "baguette_66",
			"from": [7.375, 6.125, 7.9375],
			"to": [7.5, 9.125, 8.1875],
			"rotation": {"angle": 0, "axis": "y", "origin": [8, 8, 15.9375]},
			"faces": {
				"north": {"uv": [7.375, 9.875, 7.5, 6.875], "rotation": 180, "texture": "#1"},
				"east": {"uv": [7.375, 6.875, 7.5, 9.875], "texture": "#1"},
				"south": {"uv": [7.375, 6.875, 7.5, 9.875], "texture": "#1"},
				"west": {"uv": [7.375, 6.875, 7.5, 9.875], "texture": "#1"},
				"up": {"uv": [7.5, 6.875, 7.375, 7], "rotation": 180, "texture": "#1"},
				"down": {"uv": [7.375, 9.75, 7.5, 9.875], "texture": "#1"}
			}
		},
		{
			"name": "baguette_67",
			"from": [7.25, 6, 7.9375],
			"to": [7.375, 9, 8.1875],
			"rotation": {"angle": 0, "axis": "y", "origin": [8, 8, 15.9375]},
			"faces": {
				"north": {"uv": [7.25, 10, 7.375, 7], "rotation": 180, "texture": "#1"},
				"east": {"uv": [7.25, 7, 7.375, 10], "texture": "#1"},
				"south": {"uv": [7.25, 7, 7.375, 10], "texture": "#1"},
				"west": {"uv": [7.25, 7, 7.375, 10], "texture": "#1"},
				"up": {"uv": [7.375, 7, 7.25, 7.125], "rotation": 180, "texture": "#1"},
				"down": {"uv": [7.25, 9.875, 7.375, 10], "texture": "#1"}
			}
		},
		{
			"name": "baguette_68",
			"from": [7.125, 5.875, 7.9375],
			"to": [7.25, 8.875, 8.1875],
			"rotation": {"angle": 0, "axis": "y", "origin": [8, 8, 15.9375]},
			"faces": {
				"north": {"uv": [7.125, 10.125, 7.25, 7.125], "rotation": 180, "texture": "#1"},
				"east": {"uv": [7.125, 7.125, 7.25, 10.125], "texture": "#1"},
				"south": {"uv": [7.125, 7.125, 7.25, 10.125], "texture": "#1"},
				"west": {"uv": [7.125, 7.125, 7.25, 10.125], "texture": "#1"},
				"up": {"uv": [7.25, 7.125, 7.125, 7.25], "rotation": 180, "texture": "#1"},
				"down": {"uv": [7.125, 10, 7.25, 10.125], "texture": "#1"}
			}
		},
		{
			"name": "baguette_69",
			"from": [7, 5.75, 7.9375],
			"to": [7.125, 8.75, 8.1875],
			"rotation": {"angle": 0, "axis": "y", "origin": [8, 8, 15.9375]},
			"faces": {
				"north": {"uv": [7, 10.25, 7.125, 7.25], "rotation": 180, "texture": "#1"},
				"east": {"uv": [7, 7.25, 7.125, 10.25], "texture": "#1"},
				"south": {"uv": [7, 7.25, 7.125, 10.25], "texture": "#1"},
				"west": {"uv": [7, 7.25, 7.125, 10.25], "texture": "#1"},
				"up": {"uv": [7.125, 7.25, 7, 7.375], "rotation": 180, "texture": "#1"},
				"down": {"uv": [7, 10.125, 7.125, 10.25], "texture": "#1"}
			}
		},
		{
			"name": "baguette_70",
			"from": [6.875, 5.625, 7.9375],
			"to": [7, 8.625, 8.1875],
			"rotation": {"angle": 0, "axis": "y", "origin": [8, 8, 15.9375]},
			"faces": {
				"north": {"uv": [6.875, 10.375, 7, 7.375], "rotation": 180, "texture": "#1"},
				"east": {"uv": [6.875, 7.375, 7, 10.375], "texture": "#1"},
				"south": {"uv": [6.875, 7.375, 7, 10.375], "texture": "#1"},
				"west": {"uv": [6.875, 7.375, 7, 10.375], "texture": "#1"},
				"up": {"uv": [7, 7.375, 6.875, 7.5], "rotation": 180, "texture": "#1"},
				"down": {"uv": [6.875, 10.25, 7, 10.375], "texture": "#1"}
			}
		},
		{
			"name": "baguette_71",
			"from": [6.75, 5.5, 7.9375],
			"to": [6.875, 8.5, 8.1875],
			"rotation": {"angle": 0, "axis": "y", "origin": [8, 8, 15.9375]},
			"faces": {
				"north": {"uv": [6.75, 10.5, 6.875, 7.5], "rotation": 180, "texture": "#1"},
				"east": {"uv": [6.75, 7.5, 6.875, 10.5], "texture": "#1"},
				"south": {"uv": [6.75, 7.5, 6.875, 10.5], "texture": "#1"},
				"west": {"uv": [6.75, 7.5, 6.875, 10.5], "texture": "#1"},
				"up": {"uv": [6.875, 7.5, 6.75, 7.625], "rotation": 180, "texture": "#1"},
				"down": {"uv": [6.75, 10.375, 6.875, 10.5], "texture": "#1"}
			}
		},
		{
			"name": "baguette_72",
			"from": [6.625, 5.375, 7.9375],
			"to": [6.75, 8.375, 8.1875],
			"rotation": {"angle": 0, "axis": "y", "origin": [8, 8, 15.9375]},
			"faces": {
				"north": {"uv": [6.625, 10.625, 6.75, 7.625], "rotation": 180, "texture": "#1"},
				"east": {"uv": [6.625, 7.625, 6.75, 10.625], "texture": "#1"},
				"south": {"uv": [6.625, 7.625, 6.75, 10.625], "texture": "#1"},
				"west": {"uv": [6.625, 7.625, 6.75, 10.625], "texture": "#1"},
				"up": {"uv": [6.75, 7.625, 6.625, 7.75], "rotation": 180, "texture": "#1"},
				"down": {"uv": [6.625, 10.5, 6.75, 10.625], "texture": "#1"}
			}
		},
		{
			"name": "baguette_73",
			"from": [6.5, 5.25, 7.9375],
			"to": [6.625, 8.25, 8.1875],
			"rotation": {"angle": 0, "axis": "y", "origin": [8, 8, 15.9375]},
			"faces": {
				"north": {"uv": [6.5, 10.75, 6.625, 7.75], "rotation": 180, "texture": "#1"},
				"east": {"uv": [6.5, 7.75, 6.625, 10.75], "texture": "#1"},
				"south": {"uv": [6.5, 7.75, 6.625, 10.75], "texture": "#1"},
				"west": {"uv": [6.5, 7.75, 6.625, 10.75], "texture": "#1"},
				"up": {"uv": [6.625, 7.75, 6.5, 7.875], "rotation": 180, "texture": "#1"},
				"down": {"uv": [6.5, 10.625, 6.625, 10.75], "texture": "#1"}
			}
		},
		{
			"name": "baguette_74",
			"from": [6.375, 5.125, 7.9375],
			"to": [6.5, 8.125, 8.1875],
			"rotation": {"angle": 0, "axis": "y", "origin": [8, 8, 15.9375]},
			"faces": {
				"north": {"uv": [6.375, 10.875, 6.5, 7.875], "rotation": 180, "texture": "#1"},
				"east": {"uv": [6.375, 7.875, 6.5, 10.875], "texture": "#1"},
				"south": {"uv": [6.375, 7.875, 6.5, 10.875], "texture": "#1"},
				"west": {"uv": [6.375, 7.875, 6.5, 10.875], "texture": "#1"},
				"up": {"uv": [6.5, 7.875, 6.375, 8], "rotation": 180, "texture": "#1"},
				"down": {"uv": [6.375, 10.75, 6.5, 10.875], "texture": "#1"}
			}
		},
		{
			"name": "baguette_75",
			"from": [6.25, 5, 7.9375],
			"to": [6.375, 8, 8.1875],
			"rotation": {"angle": 0, "axis": "y", "origin": [8, 8, 15.9375]},
			"faces": {
				"north": {"uv": [6.25, 11, 6.375, 8], "rotation": 180, "texture": "#1"},
				"east": {"uv": [6.25, 8, 6.375, 11], "texture": "#1"},
				"south": {"uv": [6.25, 8, 6.375, 11], "texture": "#1"},
				"west": {"uv": [6.25, 8, 6.375, 11], "texture": "#1"},
				"up": {"uv": [6.375, 8, 6.25, 8.125], "rotation": 180, "texture": "#1"},
				"down": {"uv": [6.25, 10.875, 6.375, 11], "texture": "#1"}
			}
		},
		{
			"name": "baguette_76",
			"from": [6.125, 4.875, 7.9375],
			"to": [6.25, 7.875, 8.1875],
			"rotation": {"angle": 0, "axis": "y", "origin": [8, 8, 15.9375]},
			"faces": {
				"north": {"uv": [6.125, 11.125, 6.25, 8.125], "rotation": 180, "texture": "#1"},
				"east": {"uv": [6.125, 8.125, 6.25, 11.125], "texture": "#1"},
				"south": {"uv": [6.125, 8.125, 6.25, 11.125], "texture": "#1"},
				"west": {"uv": [6.125, 8.125, 6.25, 11.125], "texture": "#1"},
				"up": {"uv": [6.25, 8.125, 6.125, 8.25], "rotation": 180, "texture": "#1"},
				"down": {"uv": [6.125, 11, 6.25, 11.125], "texture": "#1"}
			}
		},
		{
			"name": "baguette_77",
			"from": [6, 4.75, 7.9375],
			"to": [6.125, 7.75, 8.1875],
			"rotation": {"angle": 0, "axis": "y", "origin": [8, 8, 15.9375]},
			"faces": {
				"north": {"uv": [6, 11.25, 6.125, 8.25], "rotation": 180, "texture": "#1"},
				"east": {"uv": [6, 8.25, 6.125, 11.25], "texture": "#1"},
				"south": {"uv": [6, 8.25, 6.125, 11.25], "texture": "#1"},
				"west": {"uv": [6, 8.25, 6.125, 11.25], "texture": "#1"},
				"up": {"uv": [6.125, 8.25, 6, 8.375], "rotation": 180, "texture": "#1"},
				"down": {"uv": [6, 11.125, 6.125, 11.25], "texture": "#1"}
			}
		},
		{
			"name": "baguette_78",
			"from": [5.875, 4.625, 7.9375],
			"to": [6, 7.625, 8.1875],
			"rotation": {"angle": 0, "axis": "y", "origin": [8, 8, 15.9375]},
			"faces": {
				"north": {"uv": [5.875, 11.375, 6, 8.375], "rotation": 180, "texture": "#1"},
				"east": {"uv": [5.875, 8.375, 6, 11.375], "texture": "#1"},
				"south": {"uv": [5.875, 8.375, 6, 11.375], "texture": "#1"},
				"west": {"uv": [5.875, 8.375, 6, 11.375], "texture": "#1"},
				"up": {"uv": [6, 8.375, 5.875, 8.5], "rotation": 180, "texture": "#1"},
				"down": {"uv": [5.875, 11.25, 6, 11.375], "texture": "#1"}
			}
		},
		{
			"name": "baguette_79",
			"from": [5.75, 4.5, 7.9375],
			"to": [5.875, 7.5, 8.1875],
			"rotation": {"angle": 0, "axis": "y", "origin": [8, 8, 15.9375]},
			"faces": {
				"north": {"uv": [5.75, 11.5, 5.875, 8.5], "rotation": 180, "texture": "#1"},
				"east": {"uv": [5.75, 8.5, 5.875, 11.5], "texture": "#1"},
				"south": {"uv": [5.75, 8.5, 5.875, 11.5], "texture": "#1"},
				"west": {"uv": [5.75, 8.5, 5.875, 11.5], "texture": "#1"},
				"up": {"uv": [5.875, 8.5, 5.75, 8.625], "rotation": 180, "texture": "#1"},
				"down": {"uv": [5.75, 11.375, 5.875, 11.5], "texture": "#1"}
			}
		},
		{
			"name": "baguette_80",
			"from": [5.625, 4.375, 7.9375],
			"to": [5.75, 7.375, 8.1875],
			"rotation": {"angle": 0, "axis": "y", "origin": [8, 8, 15.9375]},
			"faces": {
				"north": {"uv": [5.625, 11.625, 5.75, 8.625], "rotation": 180, "texture": "#1"},
				"east": {"uv": [5.625, 8.625, 5.75, 11.625], "texture": "#1"},
				"south": {"uv": [5.625, 8.625, 5.75, 11.625], "texture": "#1"},
				"west": {"uv": [5.625, 8.625, 5.75, 11.625], "texture": "#1"},
				"up": {"uv": [5.75, 8.625, 5.625, 8.75], "rotation": 180, "texture": "#1"},
				"down": {"uv": [5.625, 11.5, 5.75, 11.625], "texture": "#1"}
			}
		},
		{
			"name": "baguette_81",
			"from": [5.5, 4.25, 7.9375],
			"to": [5.625, 7.25, 8.1875],
			"rotation": {"angle": 0, "axis": "y", "origin": [8, 8, 15.9375]},
			"faces": {
				"north": {"uv": [5.5, 11.75, 5.625, 8.75], "rotation": 180, "texture": "#1"},
				"east": {"uv": [5.5, 8.75, 5.625, 11.75], "texture": "#1"},
				"south": {"uv": [5.5, 8.75, 5.625, 11.75], "texture": "#1"},
				"west": {"uv": [5.5, 8.75, 5.625, 11.75], "texture": "#1"},
				"up": {"uv": [5.625, 8.75, 5.5, 8.875], "rotation": 180, "texture": "#1"},
				"down": {"uv": [5.5, 11.625, 5.625, 11.75], "texture": "#1"}
			}
		},
		{
			"name": "baguette_82",
			"from": [5.375, 4.125, 7.9375],
			"to": [5.5, 7.125, 8.1875],
			"rotation": {"angle": 0, "axis": "y", "origin": [8, 8, 15.9375]},
			"faces": {
				"north": {"uv": [5.375, 11.875, 5.5, 8.875], "rotation": 180, "texture": "#1"},
				"east": {"uv": [5.375, 8.875, 5.5, 11.875], "texture": "#1"},
				"south": {"uv": [5.375, 8.875, 5.5, 11.875], "texture": "#1"},
				"west": {"uv": [5.375, 8.875, 5.5, 11.875], "texture": "#1"},
				"up": {"uv": [5.5, 8.875, 5.375, 9], "rotation": 180, "texture": "#1"},
				"down": {"uv": [5.375, 11.75, 5.5, 11.875], "texture": "#1"}
			}
		},
		{
			"name": "baguette_83",
			"from": [5.25, 4, 7.9375],
			"to": [5.375, 7, 8.1875],
			"rotation": {"angle": 0, "axis": "y", "origin": [8, 8, 15.9375]},
			"faces": {
				"north": {"uv": [5.25, 12, 5.375, 9], "rotation": 180, "texture": "#1"},
				"east": {"uv": [5.25, 9, 5.375, 12], "texture": "#1"},
				"south": {"uv": [5.25, 9, 5.375, 12], "texture": "#1"},
				"west": {"uv": [5.25, 9, 5.375, 12], "texture": "#1"},
				"up": {"uv": [5.375, 9, 5.25, 9.125], "rotation": 180, "texture": "#1"},
				"down": {"uv": [5.25, 11.875, 5.375, 12], "texture": "#1"}
			}
		},
		{
			"name": "baguette_84",
			"from": [5.125, 3.875, 7.9375],
			"to": [5.25, 6.875, 8.1875],
			"rotation": {"angle": 0, "axis": "y", "origin": [8, 8, 15.9375]},
			"faces": {
				"north": {"uv": [5.125, 12.125, 5.25, 9.125], "rotation": 180, "texture": "#1"},
				"east": {"uv": [5.125, 9.125, 5.25, 12.125], "texture": "#1"},
				"south": {"uv": [5.125, 9.125, 5.25, 12.125], "texture": "#1"},
				"west": {"uv": [5.125, 9.125, 5.25, 12.125], "texture": "#1"},
				"up": {"uv": [5.25, 9.125, 5.125, 9.25], "rotation": 180, "texture": "#1"},
				"down": {"uv": [5.125, 12, 5.25, 12.125], "texture": "#1"}
			}
		},
		{
			"name": "baguette_85",
			"from": [5, 3.75, 7.9375],
			"to": [5.125, 6.75, 8.1875],
			"rotation": {"angle": 0, "axis": "y", "origin": [8, 8, 15.9375]},
			"faces": {
				"north": {"uv": [5, 12.25, 5.125, 9.25], "rotation": 180, "texture": "#1"},
				"east": {"uv": [5, 9.25, 5.125, 12.25], "texture": "#1"},
				"south": {"uv": [5, 9.25, 5.125, 12.25], "texture": "#1"},
				"west": {"uv": [5, 9.25, 5.125, 12.25], "texture": "#1"},
				"up": {"uv": [5.125, 9.25, 5, 9.375], "rotation": 180, "texture": "#1"},
				"down": {"uv": [5, 12.125, 5.125, 12.25], "texture": "#1"}
			}
		},
		{
			"name": "baguette_86",
			"from": [4.875, 3.625, 7.9375],
			"to": [5, 6.625, 8.1875],
			"rotation": {"angle": 0, "axis": "y", "origin": [8, 8, 15.9375]},
			"faces": {
				"north": {"uv": [4.875, 12.375, 5, 9.375], "rotation": 180, "texture": "#1"},
				"east": {"uv": [4.875, 9.375, 5, 12.375], "texture": "#1"},
				"south": {"uv": [4.875, 9.375, 5, 12.375], "texture": "#1"},
				"west": {"uv": [4.875, 9.375, 5, 12.375], "texture": "#1"},
				"up": {"uv": [5, 9.375, 4.875, 9.5], "rotation": 180, "texture": "#1"},
				"down": {"uv": [4.875, 12.25, 5, 12.375], "texture": "#1"}
			}
		},
		{
			"name": "baguette_87",
			"from": [4.75, 3.5, 7.9375],
			"to": [4.875, 6.5, 8.1875],
			"rotation": {"angle": 0, "axis": "y", "origin": [8, 8, 15.9375]},
			"faces": {
				"north": {"uv": [4.75, 12.5, 4.875, 9.5], "rotation": 180, "texture": "#1"},
				"east": {"uv": [4.75, 9.5, 4.875, 12.5], "texture": "#1"},
				"south": {"uv": [4.75, 9.5, 4.875, 12.5], "texture": "#1"},
				"west": {"uv": [4.75, 9.5, 4.875, 12.5], "texture": "#1"},
				"up": {"uv": [4.875, 9.5, 4.75, 9.625], "rotation": 180, "texture": "#1"},
				"down": {"uv": [4.75, 12.375, 4.875, 12.5], "texture": "#1"}
			}
		},
		{
			"name": "baguette_88",
			"from": [4.625, 3.375, 7.9375],
			"to": [4.75, 6.375, 8.1875],
			"rotation": {"angle": 0, "axis": "y", "origin": [8, 8, 15.9375]},
			"faces": {
				"north": {"uv": [4.625, 12.625, 4.75, 9.625], "rotation": 180, "texture": "#1"},
				"east": {"uv": [4.625, 9.625, 4.75, 12.625], "texture": "#1"},
				"south": {"uv": [4.625, 9.625, 4.75, 12.625], "texture": "#1"},
				"west": {"uv": [4.625, 9.625, 4.75, 12.625], "texture": "#1"},
				"up": {"uv": [4.75, 9.625, 4.625, 9.75], "rotation": 180, "texture": "#1"},
				"down": {"uv": [4.625, 12.5, 4.75, 12.625], "texture": "#1"}
			}
		},
		{
			"name": "baguette_89",
			"from": [4.5, 3.25, 7.9375],
			"to": [4.625, 6.25, 8.1875],
			"rotation": {"angle": 0, "axis": "y", "origin": [8, 8, 15.9375]},
			"faces": {
				"north": {"uv": [4.5, 12.75, 4.625, 9.75], "rotation": 180, "texture": "#1"},
				"east": {"uv": [4.5, 9.75, 4.625, 12.75], "texture": "#1"},
				"south": {"uv": [4.5, 9.75, 4.625, 12.75], "texture": "#1"},
				"west": {"uv": [4.5, 9.75, 4.625, 12.75], "texture": "#1"},
				"up": {"uv": [4.625, 9.75, 4.5, 9.875], "rotation": 180, "texture": "#1"},
				"down": {"uv": [4.5, 12.625, 4.625, 12.75], "texture": "#1"}
			}
		},
		{
			"name": "baguette_90",
			"from": [4.375, 3.125, 7.9375],
			"to": [4.5, 6.125, 8.1875],
			"rotation": {"angle": 0, "axis": "y", "origin": [8, 8, 15.9375]},
			"faces": {
				"north": {"uv": [4.375, 12.875, 4.5, 9.875], "rotation": 180, "texture": "#1"},
				"east": {"uv": [4.375, 9.875, 4.5, 12.875], "texture": "#1"},
				"south": {"uv": [4.375, 9.875, 4.5, 12.875], "texture": "#1"},
				"west": {"uv": [4.375, 9.875, 4.5, 12.875], "texture": "#1"},
				"up": {"uv": [4.5, 9.875, 4.375, 10], "rotation": 180, "texture": "#1"},
				"down": {"uv": [4.375, 12.75, 4.5, 12.875], "texture": "#1"}
			}
		},
		{
			"name": "baguette_91",
			"from": [4.25, 3, 7.9375],
			"to": [4.375, 6, 8.1875],
			"rotation": {"angle": 0, "axis": "y", "origin": [8, 8, 15.9375]},
			"faces": {
				"north": {"uv": [4.25, 13, 4.375, 10], "rotation": 180, "texture": "#1"},
				"east": {"uv": [4.25, 10, 4.375, 13], "texture": "#1"},
				"south": {"uv": [4.25, 10, 4.375, 13], "texture": "#1"},
				"west": {"uv": [4.25, 10, 4.375, 13], "texture": "#1"},
				"up": {"uv": [4.375, 10, 4.25, 10.125], "rotation": 180, "texture": "#1"},
				"down": {"uv": [4.25, 12.875, 4.375, 13], "texture": "#1"}
			}
		},
		{
			"name": "baguette_92",
			"from": [4.125, 2.875, 7.9375],
			"to": [4.25, 5.875, 8.1875],
			"rotation": {"angle": 0, "axis": "y", "origin": [8, 8, 15.9375]},
			"faces": {
				"north": {"uv": [4.125, 13.125, 4.25, 10.125], "rotation": 180, "texture": "#1"},
				"east": {"uv": [4.125, 10.125, 4.25, 13.125], "texture": "#1"},
				"south": {"uv": [4.125, 10.125, 4.25, 13.125], "texture": "#1"},
				"west": {"uv": [4.125, 10.125, 4.25, 13.125], "texture": "#1"},
				"up": {"uv": [4.25, 10.125, 4.125, 10.25], "rotation": 180, "texture": "#1"},
				"down": {"uv": [4.125, 13, 4.25, 13.125], "texture": "#1"}
			}
		},
		{
			"name": "baguette_93",
			"from": [4, 2.75, 7.9375],
			"to": [4.125, 5.75, 8.1875],
			"rotation": {"angle": 0, "axis": "y", "origin": [8, 8, 15.9375]},
			"faces": {
				"north": {"uv": [4, 13.25, 4.125, 10.25], "rotation": 180, "texture": "#1"},
				"east": {"uv": [4, 10.25, 4.125, 13.25], "texture": "#1"},
				"south": {"uv": [4, 10.25, 4.125, 13.25], "texture": "#1"},
				"west": {"uv": [4, 10.25, 4.125, 13.25], "texture": "#1"},
				"up": {"uv": [4.125, 10.25, 4, 10.375], "rotation": 180, "texture": "#1"},
				"down": {"uv": [4, 13.125, 4.125, 13.25], "texture": "#1"}
			}
		},
		{
			"name": "baguette_94",
			"from": [3.875, 2.625, 7.9375],
			"to": [4, 5.625, 8.1875],
			"rotation": {"angle": 0, "axis": "y", "origin": [8, 8, 15.9375]},
			"faces": {
				"north": {"uv": [3.875, 13.375, 4, 10.375], "rotation": 180, "texture": "#1"},
				"east": {"uv": [3.875, 10.375, 4, 13.375], "texture": "#1"},
				"south": {"uv": [3.875, 10.375, 4, 13.375], "texture": "#1"},
				"west": {"uv": [3.875, 10.375, 4, 13.375], "texture": "#1"},
				"up": {"uv": [4, 10.375, 3.875, 10.5], "rotation": 180, "texture": "#1"},
				"down": {"uv": [3.875, 13.25, 4, 13.375], "texture": "#1"}
			}
		},
		{
			"name": "baguette_95",
			"from": [3.75, 2.5, 7.9375],
			"to": [3.875, 5.5, 8.1875],
			"rotation": {"angle": 0, "axis": "y", "origin": [8, 8, 15.9375]},
			"faces": {
				"north": {"uv": [3.75, 13.5, 3.875, 10.5], "rotation": 180, "texture": "#1"},
				"east": {"uv": [3.75, 10.5, 3.875, 13.5], "texture": "#1"},
				"south": {"uv": [3.75, 10.5, 3.875, 13.5], "texture": "#1"},
				"west": {"uv": [3.75, 10.5, 3.875, 13.5], "texture": "#1"},
				"up": {"uv": [3.875, 10.5, 3.75, 10.625], "rotation": 180, "texture": "#1"},
				"down": {"uv": [3.75, 13.375, 3.875, 13.5], "texture": "#1"}
			}
		},
		{
			"name": "baguette_96",
			"from": [3.625, 2.375, 7.9375],
			"to": [3.75, 5.375, 8.1875],
			"rotation": {"angle": 0, "axis": "y", "origin": [8, 8, 15.9375]},
			"faces": {
				"north": {"uv": [3.625, 13.625, 3.75, 10.625], "rotation": 180, "texture": "#1"},
				"east": {"uv": [3.625, 10.625, 3.75, 13.625], "texture": "#1"},
				"south": {"uv": [3.625, 10.625, 3.75, 13.625], "texture": "#1"},
				"west": {"uv": [3.625, 10.625, 3.75, 13.625], "texture": "#1"},
				"up": {"uv": [3.75, 10.625, 3.625, 10.75], "rotation": 180, "texture": "#1"},
				"down": {"uv": [3.625, 13.5, 3.75, 13.625], "texture": "#1"}
			}
		},
		{
			"name": "baguette_97",
			"from": [3.5, 2.25, 7.9375],
			"to": [3.625, 5.25, 8.1875],
			"rotation": {"angle": 0, "axis": "y", "origin": [8, 8, 15.9375]},
			"faces": {
				"north": {"uv": [3.5, 13.75, 3.625, 10.75], "rotation": 180, "texture": "#1"},
				"east": {"uv": [3.5, 10.75, 3.625, 13.75], "texture": "#1"},
				"south": {"uv": [3.5, 10.75, 3.625, 13.75], "texture": "#1"},
				"west": {"uv": [3.5, 10.75, 3.625, 13.75], "texture": "#1"},
				"up": {"uv": [3.625, 10.75, 3.5, 10.875], "rotation": 180, "texture": "#1"},
				"down": {"uv": [3.5, 13.625, 3.625, 13.75], "texture": "#1"}
			}
		},
		{
			"name": "baguette_98",
			"from": [3.375, 2.125, 7.9375],
			"to": [3.5, 5.125, 8.1875],
			"rotation": {"angle": 0, "axis": "y", "origin": [8, 8, 15.9375]},
			"faces": {
				"north": {"uv": [3.375, 13.875, 3.5, 10.875], "rotation": 180, "texture": "#1"},
				"east": {"uv": [3.375, 10.875, 3.5, 13.875], "texture": "#1"},
				"south": {"uv": [3.375, 10.875, 3.5, 13.875], "texture": "#1"},
				"west": {"uv": [3.375, 10.875, 3.5, 13.875], "texture": "#1"},
				"up": {"uv": [3.5, 10.875, 3.375, 11], "rotation": 180, "texture": "#1"},
				"down": {"uv": [3.375, 13.75, 3.5, 13.875], "texture": "#1"}
			}
		},
		{
			"name": "baguette_99",
			"from": [3.25, 2, 7.9375],
			"to": [3.375, 5, 8.1875],
			"rotation": {"angle": 0, "axis": "y", "origin": [8, 8, 15.9375]},
			"faces": {
				"north": {"uv": [3.25, 14, 3.375, 11], "rotation": 180, "texture": "#1"},
				"east": {"uv": [3.25, 11, 3.375, 14], "texture": "#1"},
				"south": {"uv": [3.25, 11, 3.375, 14], "texture": "#1"},
				"west": {"uv": [3.25, 11, 3.375, 14], "texture": "#1"},
				"up": {"uv": [3.375, 11, 3.25, 11.125], "rotation": 180, "texture": "#1"},
				"down": {"uv": [3.25, 13.875, 3.375, 14], "texture": "#1"}
			}
		},
		{
			"name": "baguette_100",
			"from": [3.125, 1.875, 7.9375],
			"to": [3.25, 4.875, 8.1875],
			"rotation": {"angle": 0, "axis": "y", "origin": [8, 8, 15.9375]},
			"faces": {
				"north": {"uv": [3.125, 14.125, 3.25, 11.125], "rotation": 180, "texture": "#1"},
				"east": {"uv": [3.125, 11.125, 3.25, 14.125], "texture": "#1"},
				"south": {"uv": [3.125, 11.125, 3.25, 14.125], "texture": "#1"},
				"west": {"uv": [3.125, 11.125, 3.25, 14.125], "texture": "#1"},
				"up": {"uv": [3.25, 11.125, 3.125, 11.25], "rotation": 180, "texture": "#1"},
				"down": {"uv": [3.125, 14, 3.25, 14.125], "texture": "#1"}
			}
		},
		{
			"name": "baguette_101",
			"from": [3, 1.75, 7.9375],
			"to": [3.125, 4.75, 8.1875],
			"rotation": {"angle": 0, "axis": "y", "origin": [8, 8, 15.9375]},
			"faces": {
				"north": {"uv": [3, 14.25, 3.125, 11.25], "rotation": 180, "texture": "#1"},
				"east": {"uv": [3, 11.25, 3.125, 14.25], "texture": "#1"},
				"south": {"uv": [3, 11.25, 3.125, 14.25], "texture": "#1"},
				"west": {"uv": [3, 11.25, 3.125, 14.25], "texture": "#1"},
				"up": {"uv": [3.125, 11.25, 3, 11.375], "rotation": 180, "texture": "#1"},
				"down": {"uv": [3, 14.125, 3.125, 14.25], "texture": "#1"}
			}
		},
		{
			"name": "baguette_102",
			"from": [2.875, 1.625, 7.9375],
			"to": [3, 4.625, 8.1875],
			"rotation": {"angle": 0, "axis": "y", "origin": [8, 8, 15.9375]},
			"faces": {
				"north": {"uv": [2.875, 14.375, 3, 11.375], "rotation": 180, "texture": "#1"},
				"east": {"uv": [2.875, 11.375, 3, 14.375], "texture": "#1"},
				"south": {"uv": [2.875, 11.375, 3, 14.375], "texture": "#1"},
				"west": {"uv": [2.875, 11.375, 3, 14.375], "texture": "#1"},
				"up": {"uv": [3, 11.375, 2.875, 11.5], "rotation": 180, "texture": "#1"},
				"down": {"uv": [2.875, 14.25, 3, 14.375], "texture": "#1"}
			}
		},
		{
			"name": "baguette_103",
			"from": [2.75, 1.5, 7.9375],
			"to": [2.875, 4.5, 8.1875],
			"rotation": {"angle": 0, "axis": "y", "origin": [8, 8, 15.9375]},
			"faces": {
				"north": {"uv": [2.75, 14.5, 2.875, 11.5], "rotation": 180, "texture": "#1"},
				"east": {"uv": [2.75, 11.5, 2.875, 14.5], "texture": "#1"},
				"south": {"uv": [2.75, 11.5, 2.875, 14.5], "texture": "#1"},
				"west": {"uv": [2.75, 11.5, 2.875, 14.5], "texture": "#1"},
				"up": {"uv": [2.875, 11.5, 2.75, 11.625], "rotation": 180, "texture": "#1"},
				"down": {"uv": [2.75, 14.375, 2.875, 14.5], "texture": "#1"}
			}
		},
		{
			"name": "baguette_104",
			"from": [2.625, 1.375, 7.9375],
			"to": [2.75, 4.375, 8.1875],
			"rotation": {"angle": 0, "axis": "y", "origin": [8, 8, 15.9375]},
			"faces": {
				"north": {"uv": [2.625, 14.625, 2.75, 11.625], "rotation": 180, "texture": "#1"},
				"east": {"uv": [2.625, 11.625, 2.75, 14.625], "texture": "#1"},
				"south": {"uv": [2.625, 11.625, 2.75, 14.625], "texture": "#1"},
				"west": {"uv": [2.625, 11.625, 2.75, 14.625], "texture": "#1"},
				"up": {"uv": [2.75, 11.625, 2.625, 11.75], "rotation": 180, "texture": "#1"},
				"down": {"uv": [2.625, 14.5, 2.75, 14.625], "texture": "#1"}
			}
		},
		{
			"name": "baguette_105",
			"from": [2.5, 1.25, 7.9375],
			"to": [2.625, 4.25, 8.1875],
			"rotation": {"angle": 0, "axis": "y", "origin": [8, 8, 15.9375]},
			"faces": {
				"north": {"uv": [2.5, 14.75, 2.625, 11.75], "rotation": 180, "texture": "#1"},
				"east": {"uv": [2.5, 11.75, 2.625, 14.75], "texture": "#1"},
				"south": {"uv": [2.5, 11.75, 2.625, 14.75], "texture": "#1"},
				"west": {"uv": [2.5, 11.75, 2.625, 14.75], "texture": "#1"},
				"up": {"uv": [2.625, 11.75, 2.5, 11.875], "rotation": 180, "texture": "#1"},
				"down": {"uv": [2.5, 14.625, 2.625, 14.75], "texture": "#1"}
			}
		},
		{
			"name": "baguette_106",
			"from": [2.375, 1.125, 7.9375],
			"to": [2.5, 4.125, 8.1875],
			"rotation": {"angle": 0, "axis": "y", "origin": [8, 8, 15.9375]},
			"faces": {
				"north": {"uv": [2.375, 14.875, 2.5, 11.875], "rotation": 180, "texture": "#1"},
				"east": {"uv": [2.375, 11.875, 2.5, 14.875], "texture": "#1"},
				"south": {"uv": [2.375, 11.875, 2.5, 14.875], "texture": "#1"},
				"west": {"uv": [2.375, 11.875, 2.5, 14.875], "texture": "#1"},
				"up": {"uv": [2.5, 11.875, 2.375, 12], "rotation": 180, "texture": "#1"},
				"down": {"uv": [2.375, 14.75, 2.5, 14.875], "texture": "#1"}
			}
		},
		{
			"name": "baguette_107",
			"from": [2.25, 1, 7.9375],
			"to": [2.375, 4, 8.1875],
			"rotation": {"angle": 0, "axis": "y", "origin": [8, 8, 15.9375]},
			"faces": {
				"north": {"uv": [2.25, 15, 2.375, 12], "rotation": 180, "texture": "#1"},
				"east": {"uv": [2.25, 12, 2.375, 15], "texture": "#1"},
				"south": {"uv": [2.25, 12, 2.375, 15], "texture": "#1"},
				"west": {"uv": [2.25, 12, 2.375, 15], "texture": "#1"},
				"up": {"uv": [2.375, 12, 2.25, 12.125], "rotation": 180, "texture": "#1"},
				"down": {"uv": [2.25, 14.875, 2.375, 15], "texture": "#1"}
			}
		},
		{
			"name": "baguette_108",
			"from": [2.125, 0.875, 7.9375],
			"to": [2.25, 3.875, 8.1875],
			"rotation": {"angle": 0, "axis": "y", "origin": [8, 8, 15.9375]},
			"faces": {
				"north": {"uv": [2.125, 15.125, 2.25, 12.125], "rotation": 180, "texture": "#1"},
				"east": {"uv": [2.125, 12.125, 2.25, 15.125], "texture": "#1"},
				"south": {"uv": [2.125, 12.125, 2.25, 15.125], "texture": "#1"},
				"west": {"uv": [2.125, 12.125, 2.25, 15.125], "texture": "#1"},
				"up": {"uv": [2.25, 12.125, 2.125, 12.25], "rotation": 180, "texture": "#1"},
				"down": {"uv": [2.125, 15, 2.25, 15.125], "texture": "#1"}
			}
		},
		{
			"name": "baguette_109",
			"from": [2, 0.75, 7.9375],
			"to": [2.125, 3.75, 8.1875],
			"rotation": {"angle": 0, "axis": "y", "origin": [8, 8, 15.9375]},
			"faces": {
				"north": {"uv": [2, 15.25, 2.125, 12.25], "rotation": 180, "texture": "#1"},
				"east": {"uv": [2, 12.25, 2.125, 15.25], "texture": "#1"},
				"south": {"uv": [2, 12.25, 2.125, 15.25], "texture": "#1"},
				"west": {"uv": [2, 12.25, 2.125, 15.25], "texture": "#1"},
				"up": {"uv": [2.125, 12.25, 2, 12.375], "rotation": 180, "texture": "#1"},
				"down": {"uv": [2, 15.125, 2.125, 15.25], "texture": "#1"}
			}
		},
		{
			"name": "baguette_110",
			"from": [1.875, 0.625, 7.9375],
			"to": [2, 3.625, 8.1875],
			"rotation": {"angle": 0, "axis": "y", "origin": [8, 8, 15.9375]},
			"faces": {
				"north": {"uv": [1.875, 15.375, 2, 12.375], "rotation": 180, "texture": "#1"},
				"east": {"uv": [1.875, 12.375, 2, 15.375], "texture": "#1"},
				"south": {"uv": [1.875, 12.375, 2, 15.375], "texture": "#1"},
				"west": {"uv": [1.875, 12.375, 2, 15.375], "texture": "#1"},
				"up": {"uv": [2, 12.375, 1.875, 12.5], "rotation": 180, "texture": "#1"},
				"down": {"uv": [1.875, 15.25, 2, 15.375], "texture": "#1"}
			}
		},
		{
			"name": "baguette_111",
			"from": [1.75, 0.5, 7.9375],
			"to": [1.875, 3.5, 8.1875],
			"rotation": {"angle": 0, "axis": "y", "origin": [8, 8, 15.9375]},
			"faces": {
				"north": {"uv": [1.75, 15.5, 1.875, 12.5], "rotation": 180, "texture": "#1"},
				"east": {"uv": [1.75, 12.5, 1.875, 15.5], "texture": "#1"},
				"south": {"uv": [1.75, 12.5, 1.875, 15.5], "texture": "#1"},
				"west": {"uv": [1.75, 12.5, 1.875, 15.5], "texture": "#1"},
				"up": {"uv": [1.875, 12.5, 1.75, 12.625], "rotation": 180, "texture": "#1"},
				"down": {"uv": [1.75, 15.375, 1.875, 15.5], "texture": "#1"}
			}
		},
		{
			"name": "baguette_112",
			"from": [1.625, 0.375, 7.9375],
			"to": [1.75, 3.375, 8.1875],
			"rotation": {"angle": 0, "axis": "y", "origin": [8, 8, 15.9375]},
			"faces": {
				"north": {"uv": [1.625, 15.625, 1.75, 12.625], "rotation": 180, "texture": "#1"},
				"east": {"uv": [1.625, 12.625, 1.75, 15.625], "texture": "#1"},
				"south": {"uv": [1.625, 12.625, 1.75, 15.625], "texture": "#1"},
				"west": {"uv": [1.625, 12.625, 1.75, 15.625], "texture": "#1"},
				"up": {"uv": [1.75, 12.625, 1.625, 12.75], "rotation": 180, "texture": "#1"},
				"down": {"uv": [1.625, 15.5, 1.75, 15.625], "texture": "#1"}
			}
		},
		{
			"name": "baguette_113",
			"from": [1.5, 0.375, 7.9375],
			"to": [1.625, 3.25, 8.1875],
			"rotation": {"angle": 0, "axis": "y", "origin": [8, 8, 15.9375]},
			"faces": {
				"north": {"uv": [1.5, 15.625, 1.625, 12.75], "rotation": 180, "texture": "#1"},
				"east": {"uv": [1.5, 12.75, 1.625, 15.625], "texture": "#1"},
				"south": {"uv": [1.5, 12.75, 1.625, 15.625], "texture": "#1"},
				"west": {"uv": [1.5, 12.75, 1.625, 15.625], "texture": "#1"},
				"up": {"uv": [1.625, 12.75, 1.5, 12.875], "rotation": 180, "texture": "#1"},
				"down": {"uv": [1.5, 15.5, 1.625, 15.625], "texture": "#1"}
			}
		},
		{
			"name": "baguette_114",
			"from": [1.375, 0.25, 7.9375],
			"to": [1.5, 3.125, 8.1875],
			"rotation": {"angle": 0, "axis": "y", "origin": [8, 8, 15.9375]},
			"faces": {
				"north": {"uv": [1.375, 15.75, 1.5, 12.875], "rotation": 180, "texture": "#1"},
				"east": {"uv": [1.375, 12.875, 1.5, 15.75], "texture": "#1"},
				"south": {"uv": [1.375, 12.875, 1.5, 15.75], "texture": "#1"},
				"west": {"uv": [1.375, 12.875, 1.5, 15.75], "texture": "#1"},
				"up": {"uv": [1.5, 12.875, 1.375, 13], "rotation": 180, "texture": "#1"},
				"down": {"uv": [1.375, 15.625, 1.5, 15.75], "texture": "#1"}
			}
		},
		{
			"name": "baguette_115",
			"from": [1.25, 0.25, 7.9375],
			"to": [1.375, 3, 8.1875],
			"rotation": {"angle": 0, "axis": "y", "origin": [8, 8, 15.9375]},
			"faces": {
				"north": {"uv": [1.25, 15.75, 1.375, 13], "rotation": 180, "texture": "#1"},
				"east": {"uv": [1.25, 13, 1.375, 15.75], "texture": "#1"},
				"south": {"uv": [1.25, 13, 1.375, 15.75], "texture": "#1"},
				"west": {"uv": [1.25, 13, 1.375, 15.75], "texture": "#1"},
				"up": {"uv": [1.375, 13, 1.25, 13.125], "rotation": 180, "texture": "#1"},
				"down": {"uv": [1.25, 15.625, 1.375, 15.75], "texture": "#1"}
			}
		},
		{
			"name": "baguette_116",
			"from": [1.125, 0.25, 7.9375],
			"to": [1.25, 2.875, 8.1875],
			"rotation": {"angle": 0, "axis": "y", "origin": [8, 8, 15.9375]},
			"faces": {
				"north": {"uv": [1.125, 15.75, 1.25, 13.125], "rotation": 180, "texture": "#1"},
				"east": {"uv": [1.125, 13.125, 1.25, 15.75], "texture": "#1"},
				"south": {"uv": [1.125, 13.125, 1.25, 15.75], "texture": "#1"},
				"west": {"uv": [1.125, 13.125, 1.25, 15.75], "texture": "#1"},
				"up": {"uv": [1.25, 13.125, 1.125, 13.25], "rotation": 180, "texture": "#1"},
				"down": {"uv": [1.125, 15.625, 1.25, 15.75], "texture": "#1"}
			}
		},
		{
			"name": "baguette_117",
			"from": [1, 0.25, 7.9375],
			"to": [1.125, 2.75, 8.1875],
			"rotation": {"angle": 0, "axis": "y", "origin": [8, 8, 15.9375]},
			"faces": {
				"north": {"uv": [1, 15.75, 1.125, 13.25], "rotation": 180, "texture": "#1"},
				"east": {"uv": [1, 13.25, 1.125, 15.75], "texture": "#1"},
				"south": {"uv": [1, 13.25, 1.125, 15.75], "texture": "#1"},
				"west": {"uv": [1, 13.25, 1.125, 15.75], "texture": "#1"},
				"up": {"uv": [1.125, 13.25, 1, 13.375], "rotation": 180, "texture": "#1"},
				"down": {"uv": [1, 15.625, 1.125, 15.75], "texture": "#1"}
			}
		},
		{
			"name": "baguette_118",
			"from": [0.875, 0.25, 7.9375],
			"to": [1, 2.625, 8.1875],
			"rotation": {"angle": 0, "axis": "y", "origin": [8, 8, 15.9375]},
			"faces": {
				"north": {"uv": [0.875, 15.75, 1, 13.375], "rotation": 180, "texture": "#1"},
				"east": {"uv": [0.875, 13.375, 1, 15.75], "texture": "#1"},
				"south": {"uv": [0.875, 13.375, 1, 15.75], "texture": "#1"},
				"west": {"uv": [0.875, 13.375, 1, 15.75], "texture": "#1"},
				"up": {"uv": [1, 13.375, 0.875, 13.5], "rotation": 180, "texture": "#1"},
				"down": {"uv": [0.875, 15.625, 1, 15.75], "texture": "#1"}
			}
		},
		{
			"name": "baguette_119",
			"from": [0.75, 0.375, 7.9375],
			"to": [0.875, 2.5, 8.1875],
			"rotation": {"angle": 0, "axis": "y", "origin": [8, 8, 15.9375]},
			"faces": {
				"north": {"uv": [0.75, 15.625, 0.875, 13.5], "rotation": 180, "texture": "#1"},
				"east": {"uv": [0.75, 13.5, 0.875, 15.625], "texture": "#1"},
				"south": {"uv": [0.75, 13.5, 0.875, 15.625], "texture": "#1"},
				"west": {"uv": [0.75, 13.5, 0.875, 15.625], "texture": "#1"},
				"up": {"uv": [0.875, 13.5, 0.75, 13.625], "rotation": 180, "texture": "#1"},
				"down": {"uv": [0.75, 15.5, 0.875, 15.625], "texture": "#1"}
			}
		},
		{
			"name": "baguette_120",
			"from": [0.625, 0.375, 7.9375],
			"to": [0.75, 2.375, 8.1875],
			"rotation": {"angle": 0, "axis": "y", "origin": [8, 8, 15.9375]},
			"faces": {
				"north": {"uv": [0.625, 15.625, 0.75, 13.625], "rotation": 180, "texture": "#1"},
				"east": {"uv": [0.625, 13.625, 0.75, 15.625], "texture": "#1"},
				"south": {"uv": [0.625, 13.625, 0.75, 15.625], "texture": "#1"},
				"west": {"uv": [0.625, 13.625, 0.75, 15.625], "texture": "#1"},
				"up": {"uv": [0.75, 13.625, 0.625, 13.75], "rotation": 180, "texture": "#1"},
				"down": {"uv": [0.625, 15.5, 0.75, 15.625], "texture": "#1"}
			}
		},
		{
			"name": "baguette_121",
			"from": [0.5, 0.5, 7.9375],
			"to": [0.625, 2.25, 8.1875],
			"rotation": {"angle": 0, "axis": "y", "origin": [8, 8, 15.9375]},
			"faces": {
				"north": {"uv": [0.5, 15.5, 0.625, 13.75], "rotation": 180, "texture": "#1"},
				"east": {"uv": [0.5, 13.75, 0.625, 15.5], "texture": "#1"},
				"south": {"uv": [0.5, 13.75, 0.625, 15.5], "texture": "#1"},
				"west": {"uv": [0.5, 13.75, 0.625, 15.5], "texture": "#1"},
				"up": {"uv": [0.625, 13.75, 0.5, 13.875], "rotation": 180, "texture": "#1"},
				"down": {"uv": [0.5, 15.375, 0.625, 15.5], "texture": "#1"}
			}
		},
		{
			"name": "baguette_122",
			"from": [0.375, 0.625, 7.9375],
			"to": [0.5, 2, 8.1875],
			"rotation": {"angle": 0, "axis": "y", "origin": [8, 8, 15.9375]},
			"faces": {
				"north": {"uv": [0.375, 15.375, 0.5, 14], "rotation": 180, "texture": "#1"},
				"east": {"uv": [0.375, 14, 0.5, 15.375], "texture": "#1"},
				"south": {"uv": [0.375, 14, 0.5, 15.375], "texture": "#1"},
				"west": {"uv": [0.375, 14, 0.5, 15.375], "texture": "#1"},
				"up": {"uv": [0.5, 14, 0.375, 14.125], "rotation": 180, "texture": "#1"},
				"down": {"uv": [0.375, 15.25, 0.5, 15.375], "texture": "#1"}
			}
		},
		{
			"name": "baguette_123",
			"from": [0.25, 0.875, 7.9375],
			"to": [0.375, 1.625, 8.1875],
			"rotation": {"angle": 0, "axis": "y", "origin": [8, 8, 15.9375]},
			"faces": {
				"north": {"uv": [0.25, 15.125, 0.375, 14.375], "rotation": 180, "texture": "#1"},
				"east": {"uv": [0.25, 14.375, 0.375, 15.125], "texture": "#1"},
				"south": {"uv": [0.25, 14.375, 0.375, 15.125], "texture": "#1"},
				"west": {"uv": [0.25, 14.375, 0.375, 15.125], "texture": "#1"},
				"up": {"uv": [0.375, 14.375, 0.25, 14.5], "rotation": 180, "texture": "#1"},
				"down": {"uv": [0.25, 15, 0.375, 15.125], "texture": "#1"}
			}
		}
	],
	"gui_light": "front",
	"display": {
		"thirdperson_righthand": {
			"rotation": [0, 90, 55],
			"translation": [0, 14.5, 4.5],
			"scale": [1.7, 1.7, 1.7]
		},
		"thirdperson_lefthand": {
			"rotation": [0, -90, -55],
			"translation": [0, 14.5, 4.5],
			"scale": [1.7, 1.7, 1.7]
		},
		"firstperson_righthand": {
			"rotation": [0, -90, 25],
			"translation": [1.13, 3.2, 1.13],
			"scale": [1.36, 1.36, 1.36]
		},
		"firstperson_lefthand": {
			"rotation": [0, 90, -25],
			"translation": [1.13, 3.2, 1.13],
			"scale": [1.36, 1.36, 1.36]
		},
		"ground": {
			"translation": [0, 2, 0]
		},
		"head": {
			"rotation": [0, 90, 0],
			"translation": [0, 18, -18.5],
			"scale": [2, 2, 2]
		},
		"fixed": {
			"rotation": [0, 180, 0]
		}
	},
	"groups": [
		{
			"name": "baguette",
			"origin": [8, 8, 8],
			"children": [0, 1, 2, 3, 4, 5, 6, 7, 8, 9, 10, 11, 12, 13, 14, 15, 16, 17, 18, 19, 20, 21, 22, 23, 24, 25, 26, 27, 28, 29, 30, 31, 32, 33, 34, 35, 36, 37, 38, 39, 40, 41, 42, 43, 44, 45, 46, 47, 48, 49, 50, 51, 52, 53, 54, 55, 56, 57, 58, 59, 60, 61, 62, 63, 64, 65, 66, 67, 68, 69, 70, 71, 72, 73, 74, 75, 76, 77, 78, 79, 80, 81, 82, 83, 84, 85, 86, 87, 88, 89, 90, 91, 92, 93, 94, 95, 96, 97, 98, 99, 100, 101, 102, 103, 104, 105, 106, 107, 108, 109, 110, 111, 112, 113, 114, 115, 116, 117, 118, 119, 120, 121, 122, 123]
		}
	]
}